age,income,experience_years,credit_history_years,existing_loans,loan_amount,region,employment_type,default
58,81400,36,13,1,132000,Регион,Наёмный труд,0
48,43300,22,2,1,143000,Регион,Без работы,0
34,61000,8,11,1,167000,Москва,Без работы,0
62,65900,38,4,1,58000,Москва,Наёмный труд,1
27,59800,1,9,0,32000,Регион,Без работы,1
40,33200,17,8,2,135000,Москва,Без работы,0
58,41600,38,5,0,203000,Регион,Наёмный труд,0
38,25400,16,2,0,122000,Регион,Наёмный труд,0
42,61200,18,9,2,40000,Регион,Без работы,0
30,105400,3,8,1,114000,Регион,Наёмный труд,0
30,21600,3,5,0,50000,Регион,Наёмный труд,0
43,34800,23,3,0,39000,Регион,ИП,0
55,45200,29,13,2,98000,Регион,Наёмный труд,1
59,53000,33,3,1,109000,Регион,Наёмный труд,0
43,72800,20,7,1,93000,Регион,Наёмный труд,0
22,45800,0,6,0,128000,Регион,Наёмный труд,1
41,42500,14,0,2,61000,Регион,Наёмный труд,0
21,80500,0,5,1,104000,Регион,Самозанятый,0
43,66000,16,7,0,74000,Москва,Наёмный труд,0
63,62500,38,2,1,85000,Санкт-Петербург,Наёмный труд,0
49,51600,27,13,1,116000,Москва,Наёмный труд,0
57,76300,35,8,1,186000,Москва,Наёмный труд,0
21,36500,0,9,1,118000,Регион,Без работы,1
40,34300,20,1,1,144000,Москва,Наёмный труд,0
52,68600,26,13,0,99000,Регион,Наёмный труд,0
31,23600,11,5,0,132000,Регион,Наёмный труд,1
41,51100,21,11,0,184000,Москва,Наёмный труд,0
63,42500,36,0,1,305000,Москва,Наёмный труд,0
44,26000,24,11,1,204000,Регион,Наёмный труд,0
46,32200,22,10,0,96000,Регион,Наёмный труд,0
61,46700,40,14,0,196000,Регион,Наёмный труд,0
47,78100,21,1,0,137000,Регион,Без работы,0
35,36500,11,12,2,69000,Регион,Наёмный труд,0
34,84600,12,4,0,138000,Регион,Наёмный труд,0
63,50400,39,0,2,50000,Санкт-Петербург,Самозанятый,0
22,88400,0,7,0,138000,Регион,Самозанятый,1
56,37300,31,0,0,282000,Санкт-Петербург,Наёмный труд,0
26,48000,6,12,2,162000,Регион,Без работы,1
40,57900,14,8,2,202000,Регион,ИП,1
28,45200,5,9,0,79000,Регион,Наёмный труд,1
58,75300,32,10,0,132000,Санкт-Петербург,Наёмный труд,0
37,18200,10,2,0,150000,Регион,Наёмный труд,0
23,145800,0,11,1,82000,Регион,Наёмный труд,0
44,72100,21,1,2,149000,Регион,Наёмный труд,0
33,45300,7,14,1,130000,Санкт-Петербург,Наёмный труд,0
28,38200,6,0,2,150000,Регион,Самозанятый,0
45,33200,25,8,1,53000,Регион,Наёмный труд,0
21,65500,0,14,1,212000,Регион,Наёмный труд,0
39,76700,17,3,1,129000,Регион,Наёмный труд,0
47,45600,27,11,2,92000,Регион,Наёмный труд,0
26,80700,5,0,1,93000,Москва,ИП,0
63,32600,41,0,0,96000,Москва,Наёмный труд,0
27,30100,3,6,0,60000,Регион,Наёмный труд,0
54,110900,28,1,0,201000,Регион,Наёмный труд,0
33,64000,6,6,0,176000,Москва,ИП,0
36,91900,16,11,2,183000,Регион,Наёмный труд,0
55,33400,32,14,3,245000,Регион,Наёмный труд,0
59,32400,34,6,0,111000,Москва,Наёмный труд,0
23,41700,0,14,1,37000,Регион,Самозанятый,0
21,33800,0,9,0,144000,Санкт-Петербург,Наёмный труд,0
25,67300,0,13,0,141000,Москва,Без работы,1
61,35000,37,8,0,251000,Регион,Наёмный труд,0
23,28900,0,12,0,189000,Регион,Наёмный труд,0
48,52300,21,6,0,107000,Москва,Наёмный труд,0
37,27400,11,12,1,91000,Регион,Наёмный труд,0
45,21800,20,13,1,180000,Санкт-Петербург,Самозанятый,0
63,52100,43,0,0,20000,Москва,Самозанятый,0
53,22300,27,11,0,114000,Москва,ИП,0
29,69500,7,12,0,174000,Москва,Наёмный труд,0
55,26200,29,7,0,92000,Москва,Без работы,0
33,17900,9,7,0,78000,Регион,Наёмный труд,0
50,42900,26,3,0,118000,Регион,Самозанятый,0
34,52300,10,12,1,222000,Москва,Без работы,0
27,61200,2,7,0,129000,Москва,Наёмный труд,0
33,53000,7,3,0,66000,Санкт-Петербург,ИП,0
42,30400,15,14,2,205000,Регион,Наёмный труд,1
59,67600,32,7,1,230000,Санкт-Петербург,Наёмный труд,0
40,75500,14,4,0,61000,Москва,Наёмный труд,0
35,28500,8,3,1,529000,Регион,Наёмный труд,1
64,45200,43,5,2,99000,Регион,Наёмный труд,0
37,43300,12,1,0,174000,Москва,Самозанятый,1
43,54100,23,11,1,153000,Регион,Наёмный труд,0
45,44700,25,1,0,65000,Санкт-Петербург,Наёмный труд,0
44,47500,24,1,0,75000,Москва,Наёмный труд,0
64,65400,44,8,2,103000,Регион,Наёмный труд,0
60,29700,40,14,0,32000,Регион,Наёмный труд,0
48,68300,21,13,2,162000,Регион,Наёмный труд,0
34,81900,11,9,1,32000,Санкт-Петербург,Наёмный труд,0
64,102300,40,2,1,100000,Регион,Наёмный труд,0
20,18700,0,14,2,66000,Санкт-Петербург,Самозанятый,0
44,45100,21,9,1,140000,Регион,Наёмный труд,0
26,20200,1,3,0,26000,Регион,Наёмный труд,0
28,16400,7,9,0,36000,Москва,Без работы,0
43,52300,17,11,1,69000,Регион,Самозанятый,0
20,41000,0,7,1,135000,Регион,Наёмный труд,0
63,56100,39,3,1,113000,Санкт-Петербург,Наёмный труд,0
27,61000,6,10,0,185000,Регион,ИП,0
43,86000,20,9,2,105000,Регион,ИП,0
30,50200,8,9,0,98000,Москва,ИП,0
36,182700,10,12,1,52000,Регион,Наёмный труд,0
27,56300,6,6,3,86000,Регион,Наёмный труд,0
54,112300,28,4,1,98000,Регион,Наёмный труд,0
54,17200,28,8,0,29000,Регион,Наёмный труд,0
52,90000,25,3,0,58000,Регион,Наёмный труд,0
24,45200,0,2,0,130000,Санкт-Петербург,Наёмный труд,0
61,20400,39,12,0,110000,Регион,Наёмный труд,1
58,59200,33,1,0,85000,Москва,Без работы,0
60,42800,34,0,1,69000,Санкт-Петербург,Наёмный труд,0
47,63600,20,10,1,35000,Санкт-Петербург,Наёмный труд,0
26,77300,5,5,0,27000,Регион,ИП,0
28,25100,2,9,1,82000,Регион,Наёмный труд,0
27,77400,4,1,2,241000,Москва,Наёмный труд,0
31,49200,5,7,0,101000,Регион,Наёмный труд,0
53,90100,28,5,2,182000,Санкт-Петербург,Наёмный труд,0
52,44700,30,11,1,49000,Регион,Наёмный труд,0
42,39700,21,11,1,117000,Регион,Без работы,0
43,49600,18,4,0,65000,Москва,Наёмный труд,0
56,51300,30,12,2,63000,Москва,ИП,0
54,36400,31,1,0,154000,Москва,Наёмный труд,0
63,39200,39,6,0,92000,Москва,Наёмный труд,1
59,28200,32,1,0,43000,Регион,ИП,0
41,40300,18,12,0,105000,Москва,Наёмный труд,0
46,66500,20,13,3,64000,Регион,Наёмный труд,0
54,46100,31,4,1,41000,Регион,Наёмный труд,0
20,77200,0,1,1,54000,Регион,Наёмный труд,0
54,45100,30,10,1,337000,Москва,Наёмный труд,0
56,25700,33,9,2,204000,Регион,ИП,1
33,64100,9,10,1,29000,Регион,Наёмный труд,0
22,36200,0,10,1,88000,Регион,Без работы,1
20,44100,0,1,0,92000,Регион,Наёмный труд,0
24,85600,0,14,0,84000,Москва,Наёмный труд,0
45,29100,20,6,1,66000,Москва,Наёмный труд,0
33,52800,9,8,1,155000,Регион,Наёмный труд,0
58,48100,37,4,2,174000,Регион,Наёмный труд,0
46,67200,24,6,0,185000,Регион,Самозанятый,0
28,72000,7,3,1,120000,Санкт-Петербург,Наёмный труд,0
34,55200,10,1,1,142000,Регион,Наёмный труд,0
34,41700,12,2,2,80000,Санкт-Петербург,Без работы,1
45,60700,20,1,0,38000,Москва,Наёмный труд,0
61,89400,39,4,0,38000,Регион,Наёмный труд,0
32,48400,8,5,2,59000,Москва,Наёмный труд,0
51,43500,26,14,0,88000,Регион,Наёмный труд,0
58,58400,36,14,0,46000,Регион,Наёмный труд,0
51,49900,29,6,0,50000,Регион,Наёмный труд,0
23,26900,2,2,0,79000,Регион,Наёмный труд,0
49,54600,27,3,2,166000,Регион,ИП,0
56,26700,30,7,1,121000,Санкт-Петербург,Самозанятый,1
42,58000,18,3,1,59000,Регион,ИП,0
58,34200,38,6,0,102000,Регион,Наёмный труд,0
64,49800,44,11,2,44000,Регион,Наёмный труд,0
34,58400,14,5,2,59000,Регион,Наёмный труд,0
62,147900,38,6,2,37000,Москва,Наёмный труд,0
48,68500,28,0,1,128000,Москва,Наёмный труд,0
55,90600,34,2,1,83000,Москва,Наёмный труд,0
32,113800,8,5,0,90000,Регион,Наёмный труд,0
51,61100,25,2,1,160000,Регион,ИП,1
26,55700,1,14,0,54000,Регион,Наёмный труд,0
41,30300,15,13,0,131000,Регион,Без работы,1
47,46500,23,14,0,325000,Регион,ИП,0
21,35400,0,13,1,55000,Москва,Наёмный труд,0
61,40900,39,6,1,39000,Москва,Наёмный труд,0
64,113800,42,8,1,46000,Регион,Наёмный труд,0
25,51600,3,2,2,125000,Регион,ИП,0
47,33100,20,13,1,281000,Москва,Наёмный труд,0
47,91000,20,0,4,275000,Регион,Наёмный труд,0
63,75300,40,9,0,164000,Санкт-Петербург,Наёмный труд,0
63,77100,36,14,0,167000,Регион,Наёмный труд,0
39,19900,18,12,1,130000,Москва,Без работы,1
49,117800,25,5,0,153000,Регион,Наёмный труд,0
30,38100,4,11,1,118000,Санкт-Петербург,Наёмный труд,0
47,69600,23,0,0,61000,Регион,Наёмный труд,0
44,152600,22,0,1,276000,Регион,Самозанятый,0
58,129300,34,13,1,220000,Регион,Наёмный труд,0
52,31600,27,7,1,62000,Регион,Самозанятый,0
20,25600,0,8,0,146000,Москва,Самозанятый,0
46,93300,22,1,2,237000,Москва,Самозанятый,0
32,52300,6,8,0,127000,Регион,Наёмный труд,0
60,39100,40,4,1,87000,Регион,Наёмный труд,0
22,64800,0,12,2,233000,Санкт-Петербург,Наёмный труд,0
58,45600,33,7,1,115000,Регион,Наёмный труд,0
25,67200,1,6,0,68000,Москва,Наёмный труд,0
27,50500,4,6,1,50000,Москва,Наёмный труд,0
46,67900,24,3,1,17000,Регион,Наёмный труд,0
28,32800,7,1,1,323000,Регион,Наёмный труд,1
56,93100,35,4,0,60000,Регион,Наёмный труд,0
52,67100,32,13,1,176000,Регион,Наёмный труд,0
61,65600,40,10,0,57000,Регион,ИП,0
63,29600,42,10,0,109000,Санкт-Петербург,Наёмный труд,0
43,105300,21,2,0,129000,Регион,ИП,0
34,48700,7,14,2,47000,Регион,Наёмный труд,0
51,68000,29,13,1,175000,Москва,Без работы,0
51,42400,28,8,1,88000,Санкт-Петербург,Самозанятый,0
43,55100,17,5,1,138000,Регион,Наёмный труд,0
60,56000,40,0,1,236000,Регион,Наёмный труд,0
31,13800,10,2,0,154000,Москва,Наёмный труд,0
58,63700,35,11,1,93000,Москва,Наёмный труд,0
21,118700,1,3,1,317000,Санкт-Петербург,ИП,0
22,62500,0,8,2,96000,Санкт-Петербург,Наёмный труд,0
56,31900,35,10,2,104000,Регион,Наёмный труд,0
36,65700,15,5,1,89000,Регион,Наёмный труд,0
21,79000,0,3,1,47000,Регион,Самозанятый,0
21,61700,0,0,1,44000,Санкт-Петербург,Наёмный труд,0
47,47400,27,7,0,71000,Регион,Самозанятый,0
42,44000,21,13,0,54000,Москва,Наёмный труд,0
56,43900,29,10,1,84000,Москва,Наёмный труд,0
51,67100,31,1,0,162000,Регион,Наёмный труд,0
52,26000,26,10,0,77000,Москва,Наёмный труд,0
20,41500,0,14,4,113000,Санкт-Петербург,Самозанятый,1
38,100500,15,10,1,73000,Регион,Самозанятый,0
21,102300,0,7,0,455000,Москва,Наёмный труд,0
63,25200,40,5,0,244000,Регион,Наёмный труд,0
45,29500,21,7,1,85000,Санкт-Петербург,Наёмный труд,1
51,43400,30,5,0,116000,Москва,Наёмный труд,0
25,73300,0,4,1,44000,Регион,Наёмный труд,0
51,21500,25,4,0,87000,Регион,Наёмный труд,0
23,47800,1,13,1,69000,Регион,Самозанятый,1
30,39600,9,13,1,154000,Регион,ИП,0
36,89000,16,9,1,56000,Регион,Наёмный труд,0
57,23000,32,9,2,267000,Регион,Самозанятый,1
43,51100,20,10,2,95000,Москва,Наёмный труд,0
24,41100,4,7,2,59000,Регион,Наёмный труд,0
53,95000,29,6,0,101000,Регион,Наёмный труд,0
25,64100,2,7,0,154000,Регион,ИП,0
41,37700,19,11,3,135000,Регион,Самозанятый,0
30,72000,7,7,0,108000,Москва,Самозанятый,1
35,41200,10,6,0,167000,Регион,ИП,0
52,76900,25,1,2,161000,Регион,Наёмный труд,0
28,44100,2,10,0,162000,Регион,Наёмный труд,0
25,78800,0,14,2,84000,Регион,Наёмный труд,0
35,59600,14,8,1,83000,Регион,Самозанятый,0
48,212600,23,12,0,87000,Регион,Без работы,0
22,47900,0,6,0,73000,Регион,Наёмный труд,0
39,58200,14,11,1,105000,Регион,ИП,0
55,39500,34,10,0,98000,Регион,Наёмный труд,0
38,49100,15,14,0,266000,Регион,Наёмный труд,0
45,14500,21,5,3,73000,Регион,Наёмный труд,0
22,60400,1,8,0,55000,Санкт-Петербург,Самозанятый,0
38,89700,17,12,0,145000,Регион,Наёмный труд,1
39,58600,13,0,0,103000,Регион,Самозанятый,0
51,27100,29,10,1,65000,Регион,Наёмный труд,0
26,34200,0,1,2,158000,Регион,Наёмный труд,1
60,16400,37,12,0,84000,Москва,Наёмный труд,0
52,76200,31,0,1,246000,Москва,Самозанятый,0
59,31200,35,9,0,56000,Санкт-Петербург,Наёмный труд,0
58,48400,38,11,0,70000,Регион,Самозанятый,0
37,45700,14,2,0,107000,Москва,Наёмный труд,0
59,95700,37,10,0,223000,Регион,Наёмный труд,0
20,50900,0,4,2,64000,Санкт-Петербург,Самозанятый,0
30,70500,9,0,0,124000,Регион,Наёмный труд,0
47,62700,23,3,1,49000,Москва,Самозанятый,0
44,90400,21,13,0,171000,Москва,Наёмный труд,0
42,44000,18,12,0,67000,Регион,Наёмный труд,0
50,113700,26,7,0,143000,Москва,ИП,0
49,20100,22,5,2,148000,Регион,Самозанятый,0
61,72100,35,12,0,33000,Москва,Наёмный труд,0
54,33200,29,0,0,112000,Регион,Наёмный труд,0
26,39300,4,11,0,73000,Регион,Наёмный труд,0
35,63300,8,0,2,133000,Санкт-Петербург,Наёмный труд,0
45,63100,22,2,3,58000,Москва,Наёмный труд,0
21,64400,0,13,0,70000,Санкт-Петербург,Наёмный труд,0
20,26300,0,9,1,203000,Регион,Самозанятый,1
31,94100,10,14,3,193000,Москва,ИП,0
24,32700,4,7,1,54000,Регион,Наёмный труд,1
56,34700,32,10,1,290000,Регион,Самозанятый,1
51,65300,31,10,1,21000,Регион,Наёмный труд,0
28,43100,2,13,0,112000,Москва,Наёмный труд,0
60,56300,36,7,2,46000,Москва,Самозанятый,0
54,18600,29,12,1,123000,Санкт-Петербург,Самозанятый,1
38,55700,16,2,2,84000,Регион,Наёмный труд,0
35,54100,14,6,0,54000,Санкт-Петербург,ИП,0
22,39000,0,11,1,63000,Регион,Наёмный труд,0
39,19300,13,2,0,62000,Регион,Самозанятый,0
43,44500,18,3,1,103000,Москва,Наёмный труд,0
52,48200,31,8,0,177000,Регион,ИП,0
43,41600,21,12,1,320000,Москва,Наёмный труд,0
30,21500,7,3,0,89000,Санкт-Петербург,Наёмный труд,0
27,100500,1,2,0,118000,Москва,Наёмный труд,0
55,36800,35,4,1,201000,Москва,Наёмный труд,1
57,44400,37,6,1,75000,Регион,ИП,0
59,16600,32,4,0,62000,Регион,Без работы,0
39,100500,18,3,0,318000,Москва,Самозанятый,0
54,39700,33,7,0,89000,Регион,Наёмный труд,0
44,51200,23,3,1,112000,Регион,Самозанятый,1
54,81200,28,1,0,38000,Москва,Наёмный труд,0
44,36200,22,9,0,72000,Москва,Наёмный труд,0
48,75600,25,12,1,306000,Регион,Самозанятый,0
37,19400,17,13,2,130000,Регион,Наёмный труд,1
37,62800,12,5,0,97000,Регион,Самозанятый,0
21,99500,0,1,0,228000,Регион,Самозанятый,0
54,37800,28,2,1,37000,Регион,Наёмный труд,0
35,81100,9,0,1,77000,Регион,Наёмный труд,0
60,111900,38,4,2,387000,Регион,Наёмный труд,0
55,43700,35,8,1,96000,Регион,Без работы,1
52,42100,25,1,2,95000,Санкт-Петербург,Наёмный труд,0
23,32700,0,11,2,200000,Регион,Наёмный труд,0
52,39000,30,6,1,209000,Москва,Наёмный труд,1
33,34000,8,4,2,45000,Регион,Наёмный труд,0
40,32700,20,1,0,128000,Регион,ИП,0
39,84100,17,7,1,283000,Регион,Наёмный труд,0
27,34400,7,10,0,67000,Санкт-Петербург,Без работы,0
26,55100,6,14,1,79000,Регион,Наёмный труд,0
22,49900,0,12,0,100000,Регион,Наёмный труд,0
36,96200,10,12,4,150000,Регион,Наёмный труд,0
52,39100,29,5,0,42000,Регион,Без работы,0
31,58200,5,3,0,15000,Регион,Наёмный труд,0
41,70000,17,12,4,112000,Санкт-Петербург,Наёмный труд,0
41,95800,18,3,0,199000,Регион,Наёмный труд,0
49,38800,29,1,0,82000,Регион,Наёмный труд,0
57,37100,35,2,0,68000,Санкт-Петербург,Наёмный труд,0
57,30400,32,14,0,89000,Москва,ИП,0
64,134100,37,6,1,257000,Санкт-Петербург,Наёмный труд,0
27,91400,4,2,1,66000,Регион,Наёмный труд,1
46,48100,22,12,0,139000,Регион,Самозанятый,0
46,116900,26,4,1,49000,Регион,Наёмный труд,0
53,46800,28,9,0,51000,Регион,Наёмный труд,0
40,67900,17,5,1,164000,Санкт-Петербург,Наёмный труд,0
49,49200,23,5,3,263000,Регион,Наёмный труд,0
52,58600,26,13,0,168000,Санкт-Петербург,Наёмный труд,0
47,55900,24,3,0,29000,Москва,Наёмный труд,0
52,40500,29,5,0,77000,Регион,Наёмный труд,0
24,80100,1,2,0,114000,Москва,Наёмный труд,0
38,67700,13,6,2,102000,Регион,Наёмный труд,0
23,77800,0,6,0,31000,Регион,Без работы,0
54,56600,32,3,0,45000,Регион,Без работы,0
36,32600,12,1,2,61000,Москва,Самозанятый,1
63,105800,39,10,1,95000,Регион,Наёмный труд,0
47,43600,20,6,0,31000,Регион,Наёмный труд,0
49,57700,29,2,0,142000,Регион,Самозанятый,0
48,65200,27,14,0,93000,Регион,Наёмный труд,0
25,57600,3,0,2,53000,Регион,Наёмный труд,1
54,74000,28,1,1,111000,Регион,Наёмный труд,0
60,79500,40,9,0,42000,Регион,Наёмный труд,0
56,44300,29,8,1,96000,Регион,Самозанятый,0
43,101900,23,11,0,34000,Регион,Самозанятый,0
48,43500,25,14,2,37000,Регион,ИП,0
50,57000,29,7,1,75000,Регион,Самозанятый,1
54,41200,28,14,3,64000,Москва,Наёмный труд,0
52,36200,31,14,0,124000,Регион,ИП,0
40,78400,18,13,0,98000,Санкт-Петербург,Наёмный труд,0
51,199800,30,5,0,348000,Санкт-Петербург,ИП,0
42,41700,22,13,2,84000,Москва,Наёмный труд,0
52,84700,31,5,0,14000,Санкт-Петербург,ИП,0
22,42300,1,13,0,29000,Регион,Без работы,0
37,48800,13,0,1,48000,Регион,Наёмный труд,0
44,108100,18,1,0,752000,Москва,Наёмный труд,0
61,30200,35,3,1,97000,Регион,Наёмный труд,0
50,26800,30,2,1,192000,Санкт-Петербург,Наёмный труд,0
22,47100,0,13,0,181000,Регион,Наёмный труд,0
59,66100,38,0,1,46000,Регион,Самозанятый,0
43,60400,22,7,1,34000,Регион,Наёмный труд,0
51,57700,28,6,0,145000,Москва,Наёмный труд,0
41,49800,15,3,2,26000,Регион,ИП,0
42,69800,21,11,0,177000,Регион,Наёмный труд,0
21,13200,0,11,0,92000,Регион,Наёмный труд,1
46,35000,25,8,0,143000,Москва,ИП,0
61,47000,37,10,1,118000,Регион,Самозанятый,0
21,67300,1,13,0,122000,Москва,Наёмный труд,0
45,95800,19,3,1,105000,Регион,Наёмный труд,0
36,32900,14,0,2,117000,Москва,Наёмный труд,0
59,94400,39,14,2,101000,Регион,Наёмный труд,0
52,40000,29,9,0,43000,Москва,Наёмный труд,0
28,46200,8,14,2,78000,Регион,ИП,0
62,63700,41,0,0,363000,Регион,Самозанятый,1
58,44700,35,0,1,119000,Регион,Наёмный труд,0
48,80800,28,0,1,196000,Регион,Наёмный труд,0
61,40900,34,3,1,55000,Санкт-Петербург,Наёмный труд,1
45,41100,22,0,1,54000,Москва,Наёмный труд,0
54,78700,27,1,0,48000,Москва,Наёмный труд,0
44,34800,22,3,2,44000,Регион,Самозанятый,1
43,54800,23,6,1,37000,Регион,Наёмный труд,0
32,23200,6,1,2,114000,Регион,Наёмный труд,0
26,111200,0,7,1,80000,Москва,Наёмный труд,0
55,84400,30,12,1,167000,Регион,Наёмный труд,0
64,169000,43,6,0,82000,Регион,Наёмный труд,0
39,89500,12,8,0,23000,Регион,Наёмный труд,0
20,29500,0,13,0,129000,Регион,Наёмный труд,0
27,66200,2,5,1,29000,Санкт-Петербург,Наёмный труд,0
35,32400,10,3,0,112000,Санкт-Петербург,Без работы,0
33,99700,9,5,0,62000,Москва,Наёмный труд,0
31,29900,4,14,0,113000,Регион,Наёмный труд,0
42,29200,19,3,2,42000,Регион,Наёмный труд,0
34,23800,9,6,1,157000,Москва,Наёмный труд,1
47,39300,23,8,4,101000,Москва,Наёмный труд,1
53,35900,28,2,2,80000,Москва,Наёмный труд,0
21,27800,0,2,0,36000,Регион,Наёмный труд,0
51,120000,29,1,0,293000,Москва,Самозанятый,0
42,62200,15,0,1,57000,Санкт-Петербург,Наёмный труд,0
41,59000,17,13,0,116000,Санкт-Петербург,Без работы,0
44,100200,22,0,1,56000,Регион,Самозанятый,0
41,55000,18,12,2,952000,Регион,Наёмный труд,0
41,35000,20,2,1,108000,Регион,Наёмный труд,0
61,22800,37,13,1,68000,Москва,Наёмный труд,1
25,34100,2,6,1,142000,Регион,Наёмный труд,0
34,96500,9,14,0,155000,Санкт-Петербург,Наёмный труд,0
62,27900,36,10,1,125000,Регион,Наёмный труд,0
56,57500,36,8,0,81000,Санкт-Петербург,Без работы,0
52,78100,29,13,0,129000,Москва,Наёмный труд,0
27,55700,5,1,0,90000,Регион,Наёмный труд,0
63,58700,42,6,0,97000,Москва,Наёмный труд,0
63,65800,42,0,0,62000,Москва,Наёмный труд,0
24,58100,1,1,2,41000,Регион,Самозанятый,0
58,101100,33,5,1,138000,Регион,Наёмный труд,0
23,30700,3,10,0,142000,Регион,Наёмный труд,0
25,54600,0,4,0,215000,Регион,Самозанятый,0
64,21600,42,7,1,102000,Регион,Самозанятый,0
51,19300,28,11,2,87000,Регион,ИП,0
49,47300,26,10,2,42000,Регион,Самозанятый,0
54,62600,28,1,0,96000,Регион,Наёмный труд,0
59,102100,38,0,1,123000,Москва,Наёмный труд,0
35,145600,13,6,0,33000,Санкт-Петербург,Наёмный труд,0
32,88800,12,5,0,187000,Регион,Наёмный труд,0
61,68000,40,7,1,64000,Регион,Наёмный труд,0
49,52700,26,10,0,88000,Регион,Самозанятый,0
38,24600,17,14,2,141000,Санкт-Петербург,Наёмный труд,0
36,45900,15,14,2,98000,Москва,Без работы,0
38,87600,14,12,0,229000,Санкт-Петербург,Наёмный труд,0
47,73400,26,13,1,144000,Москва,ИП,1
45,27500,20,7,0,90000,Регион,Наёмный труд,0
56,64600,35,1,1,15000,Регион,ИП,0
45,62200,18,13,0,179000,Регион,Наёмный труд,0
42,57400,17,7,0,49000,Регион,Наёмный труд,0
28,48400,6,5,0,165000,Регион,Наёмный труд,0
31,66100,10,8,2,132000,Регион,Без работы,0
20,67100,0,11,2,88000,Регион,Наёмный труд,0
20,36700,0,6,1,175000,Регион,Наёмный труд,0
53,60200,28,1,1,135000,Регион,Наёмный труд,0
51,45000,28,7,1,120000,Регион,Наёмный труд,0
44,25100,22,8,2,35000,Регион,Самозанятый,0
59,38100,38,6,0,101000,Регион,ИП,1
64,24300,38,3,1,47000,Регион,Без работы,1
20,76200,0,8,0,51000,Регион,Наёмный труд,0
35,57500,12,3,1,79000,Регион,Наёмный труд,1
58,41800,36,11,0,238000,Санкт-Петербург,Самозанятый,0
24,92900,0,3,0,123000,Санкт-Петербург,Без работы,0
41,50500,16,8,0,128000,Регион,Без работы,0
48,25700,28,13,2,157000,Москва,ИП,1
22,40200,0,7,1,58000,Регион,Наёмный труд,0
31,102200,10,3,1,38000,Санкт-Петербург,Наёмный труд,0
45,36300,19,13,2,34000,Санкт-Петербург,Самозанятый,0
35,55500,11,7,1,113000,Регион,Самозанятый,1
56,68500,32,14,0,178000,Регион,ИП,0
41,63900,19,7,0,171000,Регион,Наёмный труд,0
48,147600,22,6,0,60000,Санкт-Петербург,Наёмный труд,0
33,28900,13,9,0,223000,Регион,Наёмный труд,0
47,30200,24,12,0,336000,Регион,Наёмный труд,1
24,29100,4,5,0,142000,Санкт-Петербург,Наёмный труд,0
49,42900,23,7,0,241000,Москва,Без работы,1
24,80400,0,6,2,167000,Регион,Наёмный труд,0
31,30800,6,4,0,86000,Санкт-Петербург,Наёмный труд,0
35,80900,11,11,0,66000,Регион,Наёмный труд,0
45,49800,23,12,2,38000,Санкт-Петербург,ИП,0
45,29800,24,12,0,76000,Регион,Наёмный труд,1
40,22300,20,3,1,86000,Москва,Без работы,0
58,24700,34,13,2,87000,Регион,Наёмный труд,0
55,36300,32,11,1,92000,Регион,Наёмный труд,0
52,45400,30,1,0,25000,Москва,ИП,1
49,89800,28,10,2,158000,Регион,Наёмный труд,1
56,70200,36,7,0,169000,Регион,Наёмный труд,0
42,33600,19,8,2,123000,Регион,Наёмный труд,1
29,58900,8,3,0,49000,Регион,ИП,0
24,103100,0,3,0,123000,Москва,Наёмный труд,0
55,113900,31,4,2,100000,Регион,Наёмный труд,0
53,42600,28,1,1,131000,Регион,Самозанятый,1
50,75500,26,6,0,250000,Регион,Наёмный труд,0
29,91600,6,14,0,89000,Регион,Наёмный труд,0
38,24900,11,4,1,110000,Санкт-Петербург,Наёмный труд,0
51,38900,26,5,2,59000,Москва,Наёмный труд,0
20,133100,0,3,0,172000,Регион,Наёмный труд,0
24,42800,2,7,1,150000,Регион,Самозанятый,0
64,13100,41,7,1,112000,Москва,ИП,0
23,46400,0,11,1,52000,Санкт-Петербург,Наёмный труд,0
35,81300,15,4,2,66000,Регион,Без работы,0
43,49200,19,11,1,33000,Москва,Наёмный труд,1
35,67600,10,5,0,65000,Москва,Наёмный труд,0
21,74800,0,2,0,151000,Санкт-Петербург,ИП,0
47,41800,26,0,0,125000,Регион,Наёмный труд,1
51,38800,24,8,3,109000,Регион,Наёмный труд,0
46,52500,25,8,0,241000,Регион,Наёмный труд,0
39,53100,15,2,1,119000,Регион,Наёмный труд,0
43,50200,22,3,0,70000,Санкт-Петербург,Наёмный труд,0
31,51200,7,12,1,65000,Москва,ИП,0
54,35000,32,6,1,86000,Регион,ИП,0
52,68700,31,1,1,75000,Москва,Наёмный труд,0
52,64200,27,11,0,175000,Регион,Наёмный труд,0
62,26900,37,2,2,127000,Регион,Наёмный труд,0
56,41100,36,5,2,81000,Москва,Наёмный труд,0
31,51100,7,10,4,83000,Регион,Наёмный труд,1
22,38500,1,7,1,151000,Регион,Наёмный труд,1
20,65300,0,14,0,181000,Регион,Наёмный труд,0
52,47600,26,0,1,33000,Москва,Наёмный труд,0
59,52900,37,3,1,89000,Санкт-Петербург,Самозанятый,0
29,40900,2,14,0,104000,Регион,Наёмный труд,0
62,20000,40,0,0,137000,Регион,Без работы,1
63,19500,37,1,1,106000,Москва,Самозанятый,0
48,63900,22,7,0,126000,Регион,Без работы,1
32,55300,12,5,0,86000,Регион,Самозанятый,1
31,59700,9,8,1,61000,Регион,Наёмный труд,0
50,52100,28,1,1,158000,Москва,Наёмный труд,0
21,54000,0,2,1,161000,Санкт-Петербург,Наёмный труд,1
54,75800,30,8,0,146000,Москва,ИП,0
42,59900,19,8,2,162000,Санкт-Петербург,Наёмный труд,0
36,78300,9,12,0,55000,Регион,Наёмный труд,0
45,53000,23,5,0,73000,Москва,ИП,0
27,42800,0,13,0,193000,Регион,Наёмный труд,0
48,53500,21,14,0,122000,Москва,Наёмный труд,0
45,33600,18,2,1,102000,Регион,Наёмный труд,1
29,41300,7,4,1,85000,Москва,ИП,1
45,53100,22,14,0,211000,Москва,Самозанятый,0
53,52800,31,1,1,34000,Санкт-Петербург,Самозанятый,0
60,46700,39,6,1,118000,Регион,Самозанятый,1
26,26200,5,9,0,95000,Москва,Наёмный труд,0
23,65300,0,10,2,47000,Москва,Без работы,0
64,71400,39,7,0,260000,Москва,Наёмный труд,0
30,102700,8,5,3,20000,Регион,Самозанятый,0
48,59800,23,7,1,106000,Регион,Наёмный труд,0
55,49100,28,1,0,136000,Регион,Наёмный труд,1
44,31100,22,2,1,55000,Регион,ИП,0
40,95900,16,6,0,117000,Москва,Наёмный труд,0
55,54800,33,9,0,86000,Регион,Наёмный труд,0
29,53500,8,11,0,179000,Москва,ИП,0
56,43700,36,0,2,813000,Регион,Наёмный труд,1
28,42500,2,6,2,121000,Регион,Наёмный труд,1
43,66800,23,5,0,142000,Регион,Наёмный труд,1
54,31000,34,7,2,55000,Москва,Наёмный труд,0
54,101900,34,6,0,112000,Москва,ИП,0
55,92400,29,3,0,79000,Регион,Наёмный труд,0
37,41800,12,2,1,158000,Регион,Наёмный труд,0
58,33200,32,2,1,42000,Москва,Наёмный труд,0
51,19800,26,14,1,52000,Москва,Наёмный труд,0
43,27900,17,3,2,200000,Регион,Наёмный труд,1
42,68100,16,14,1,112000,Регион,Наёмный труд,0
51,56500,29,8,2,218000,Регион,Без работы,1
56,61200,31,8,0,123000,Санкт-Петербург,Самозанятый,0
31,21400,9,12,0,134000,Регион,ИП,0
32,41000,8,1,3,82000,Москва,Наёмный труд,0
42,90700,20,4,0,88000,Регион,Наёмный труд,0
44,46900,24,0,1,176000,Москва,Наёмный труд,0
54,27700,31,3,1,91000,Москва,Наёмный труд,0
60,46600,37,1,0,201000,Москва,Самозанятый,1
49,34600,28,7,3,92000,Регион,Наёмный труд,0
36,57000,15,3,0,49000,Регион,Наёмный труд,0
39,49500,12,4,1,46000,Регион,Наёмный труд,1
44,62600,22,10,1,89000,Регион,Наёмный труд,0
41,28300,15,3,3,171000,Регион,Наёмный труд,0
32,40100,6,4,0,66000,Регион,Наёмный труд,0
38,80100,15,4,4,153000,Регион,Наёмный труд,0
55,26700,35,4,1,105000,Регион,Наёмный труд,0
31,31200,6,10,0,142000,Москва,Наёмный труд,0
60,53600,40,2,0,83000,Регион,Самозанятый,0
38,55800,11,6,0,110000,Москва,ИП,0
31,39300,11,2,0,173000,Регион,Самозанятый,0
28,43200,6,1,0,98000,Санкт-Петербург,Наёмный труд,1
26,62300,4,2,0,72000,Регион,Наёмный труд,0
47,71800,23,10,0,33000,Регион,Без работы,0
33,30300,6,2,0,137000,Москва,Наёмный труд,0
50,57800,30,7,0,62000,Регион,Наёмный труд,0
38,96800,12,3,1,72000,Регион,Наёмный труд,0
35,46500,9,2,0,52000,Санкт-Петербург,Наёмный труд,0
24,30200,0,9,2,86000,Санкт-Петербург,Наёмный труд,0
54,29500,34,4,3,348000,Санкт-Петербург,ИП,1
31,45600,9,3,1,122000,Регион,Наёмный труд,0
44,78100,22,8,2,67000,Регион,Наёмный труд,0
40,48100,16,7,1,75000,Регион,Наёмный труд,1
55,53400,31,10,2,42000,Москва,Наёмный труд,0
42,31300,21,6,1,50000,Москва,Наёмный труд,1
35,76300,8,14,0,46000,Москва,Наёмный труд,0
58,29300,35,7,1,116000,Москва,Наёмный труд,0
64,39100,44,12,1,129000,Регион,ИП,1
61,65100,34,4,0,103000,Регион,Наёмный труд,0
58,19600,32,3,1,123000,Санкт-Петербург,Наёмный труд,0
33,53000,13,6,1,62000,Регион,Наёмный труд,0
50,30700,26,0,2,50000,Москва,Наёмный труд,0
24,49400,0,5,0,49000,Регион,Наёмный труд,0
54,41800,33,14,1,48000,Москва,Наёмный труд,0
42,126500,19,7,2,122000,Регион,Самозанятый,0
48,41100,27,6,2,330000,Москва,Наёмный труд,0
62,112300,36,1,1,53000,Регион,ИП,0
30,63800,7,13,0,80000,Москва,Наёмный труд,0
37,34200,12,12,1,111000,Санкт-Петербург,ИП,0
31,56900,11,13,0,83000,Регион,Наёмный труд,0
28,42700,7,6,0,121000,Санкт-Петербург,Наёмный труд,0
29,54700,5,12,0,70000,Регион,Самозанятый,0
63,35600,42,5,2,66000,Регион,Наёмный труд,1
36,104900,11,12,0,88000,Регион,Наёмный труд,0
57,74300,36,4,0,120000,Регион,Наёмный труд,0
26,49700,6,3,0,213000,Москва,ИП,0
32,106700,7,0,0,124000,Регион,ИП,0
59,50700,32,12,2,85000,Регион,ИП,0
61,80300,34,1,0,163000,Регион,Без работы,0
28,49900,1,14,0,180000,Санкт-Петербург,Наёмный труд,0
46,58500,22,6,1,82000,Регион,Наёмный труд,0
21,47300,0,9,0,90000,Москва,Наёмный труд,0
24,51200,0,2,0,76000,Санкт-Петербург,Без работы,0
48,52900,21,4,2,162000,Санкт-Петербург,Наёмный труд,0
56,36300,29,7,0,103000,Санкт-Петербург,Без работы,1
57,40900,35,12,2,42000,Санкт-Петербург,Наёмный труд,0
38,44500,11,12,0,126000,Москва,ИП,0
27,54400,2,7,1,241000,Регион,Наёмный труд,1
64,48400,42,5,0,253000,Москва,Самозанятый,1
20,83100,0,4,1,74000,Регион,Наёмный труд,0
41,71800,21,12,0,65000,Москва,Наёмный труд,0
36,44900,15,1,2,308000,Москва,Наёмный труд,0
26,91300,2,8,1,253000,Регион,Наёмный труд,0
44,113900,20,0,0,131000,Регион,Наёмный труд,0
64,19500,43,10,1,35000,Регион,Без работы,0
23,74600,0,1,0,69000,Регион,Наёмный труд,0
55,35900,34,12,0,51000,Санкт-Петербург,Наёмный труд,0
25,70300,0,0,1,293000,Регион,Наёмный труд,0
50,85600,30,11,0,40000,Регион,Наёмный труд,0
38,33000,11,3,1,291000,Санкт-Петербург,Самозанятый,0
63,21300,43,3,1,93000,Регион,Самозанятый,0
58,71400,32,4,3,48000,Регион,Без работы,1
46,52100,26,4,1,178000,Санкт-Петербург,Наёмный труд,0
29,23100,8,7,1,144000,Регион,Наёмный труд,0
45,153000,19,10,0,46000,Регион,Наёмный труд,0
38,64900,17,14,0,97000,Регион,Наёмный труд,0
58,66300,31,10,0,225000,Москва,Без работы,0
22,90600,0,2,2,77000,Регион,Наёмный труд,0
64,37700,38,5,2,270000,Москва,Наёмный труд,0
32,52000,5,11,0,63000,Москва,ИП,0
47,27100,20,12,0,37000,Санкт-Петербург,ИП,0
39,37300,15,11,0,101000,Регион,Наёмный труд,0
47,58300,23,2,0,41000,Регион,Самозанятый,0
27,23200,4,12,0,106000,Регион,Наёмный труд,0
60,36800,37,1,0,99000,Регион,Без работы,1
58,32300,38,7,0,63000,Москва,Наёмный труд,0
20,52300,0,0,1,305000,Москва,Наёмный труд,0
22,63500,0,8,1,98000,Регион,Наёмный труд,0
32,68500,11,10,1,166000,Регион,Наёмный труд,0
47,76800,20,6,0,172000,Регион,Наёмный труд,1
44,90900,22,11,0,284000,Москва,ИП,0
52,64400,31,9,0,48000,Москва,Наёмный труд,0
57,114600,31,12,0,34000,Москва,ИП,0
25,51700,2,14,1,278000,Санкт-Петербург,Наёмный труд,0
63,45300,39,11,1,140000,Москва,Наёмный труд,0
64,64400,43,10,0,106000,Регион,Без работы,0
51,44500,27,3,1,91000,Регион,Самозанятый,0
64,112800,43,2,2,82000,Регион,Наёмный труд,0
40,81500,16,5,0,165000,Москва,Наёмный труд,0
35,68700,10,8,1,42000,Москва,Наёмный труд,0
40,52000,19,14,0,131000,Регион,Наёмный труд,0
30,40800,4,8,0,183000,Регион,Наёмный труд,0
56,67200,32,3,0,154000,Регион,Наёмный труд,0
55,29500,33,9,1,95000,Регион,Наёмный труд,0
54,97800,28,4,0,99000,Регион,Наёмный труд,0
38,45300,18,10,4,214000,Москва,ИП,0
39,56200,18,12,0,140000,Москва,Наёмный труд,0
37,32600,15,8,1,283000,Регион,Наёмный труд,0
60,67900,40,1,2,35000,Регион,ИП,0
33,40000,12,1,0,170000,Санкт-Петербург,ИП,1
34,65700,12,4,0,61000,Регион,Наёмный труд,0
50,68900,28,0,0,94000,Регион,Самозанятый,0
20,36600,0,7,1,225000,Регион,ИП,1
22,29600,0,4,1,54000,Москва,Наёмный труд,0
35,97700,13,11,3,351000,Санкт-Петербург,Наёмный труд,0
42,45000,17,9,2,192000,Регион,ИП,0
30,54200,7,1,0,140000,Регион,Наёмный труд,0
31,61000,5,11,1,56000,Регион,Наёмный труд,0
29,27900,2,8,1,89000,Регион,ИП,0
51,60400,27,1,2,80000,Регион,Наёмный труд,0
35,51300,9,6,0,47000,Регион,Наёмный труд,0
27,36700,7,7,3,190000,Москва,Наёмный труд,0
57,29100,33,13,0,77000,Регион,Наёмный труд,0
31,64400,7,5,0,89000,Регион,Наёмный труд,0
43,81400,16,13,1,92000,Регион,Наёмный труд,0
47,53100,22,10,0,87000,Регион,Самозанятый,0
27,25700,0,6,0,136000,Регион,ИП,0
47,30500,20,10,0,68000,Регион,Наёмный труд,1
55,40400,31,0,1,182000,Москва,Без работы,1
45,99100,23,3,2,69000,Москва,Наёмный труд,0
27,43900,2,12,3,97000,Москва,Наёмный труд,1
47,39700,23,6,0,45000,Москва,Наёмный труд,0
47,23100,22,0,0,188000,Регион,Наёмный труд,0
56,36500,33,12,2,219000,Санкт-Петербург,Наёмный труд,0
60,28100,35,0,0,152000,Регион,Наёмный труд,1
55,31200,34,10,0,109000,Регион,Наёмный труд,0
46,51700,24,5,1,97000,Регион,Наёмный труд,1
36,40900,16,3,1,39000,Регион,ИП,1
28,105300,7,2,0,44000,Санкт-Петербург,Самозанятый,0
52,79600,31,11,0,155000,Регион,Самозанятый,0
39,37300,12,14,0,89000,Москва,Наёмный труд,0
32,32400,5,4,0,44000,Регион,Наёмный труд,0
47,91300,26,8,0,42000,Санкт-Петербург,Наёмный труд,0
48,103500,24,9,0,144000,Регион,Наёмный труд,0
32,18300,7,9,0,167000,Москва,Самозанятый,1
54,51100,29,11,0,39000,Москва,Наёмный труд,0
25,43800,0,13,1,108000,Регион,Наёмный труд,0
37,65700,13,13,2,125000,Регион,Наёмный труд,0
24,117500,2,11,1,70000,Санкт-Петербург,Наёмный труд,0
44,39400,20,10,3,208000,Регион,Наёмный труд,1
21,19400,0,9,0,80000,Санкт-Петербург,Наёмный труд,0
29,63600,5,2,0,35000,Санкт-Петербург,Наёмный труд,0
49,91600,27,4,1,88000,Регион,Без работы,0
64,42800,38,9,0,224000,Регион,Наёмный труд,0
24,35700,2,4,1,80000,Регион,Самозанятый,0
52,40300,29,8,0,53000,Москва,ИП,0
20,71900,0,10,2,144000,Москва,ИП,0
37,40000,14,11,1,115000,Регион,Наёмный труд,0
51,56800,28,9,3,99000,Москва,Наёмный труд,0
30,49600,7,10,0,131000,Регион,Наёмный труд,0
40,47400,15,3,0,65000,Санкт-Петербург,Наёмный труд,0
45,67200,24,0,1,69000,Регион,Наёмный труд,0
44,39500,23,9,1,153000,Санкт-Петербург,Наёмный труд,0
41,40400,18,4,0,55000,Санкт-Петербург,ИП,0
46,70200,23,0,0,260000,Регион,Без работы,0
32,31400,12,5,2,206000,Регион,Наёмный труд,0
52,33000,25,11,0,50000,Регион,Наёмный труд,0
53,27800,32,9,1,239000,Регион,Самозанятый,0
60,71800,33,9,1,108000,Регион,Наёмный труд,0
54,46800,27,14,1,227000,Регион,Наёмный труд,0
20,27100,0,6,3,107000,Регион,Наёмный труд,0
40,72000,13,0,0,89000,Регион,Самозанятый,0
25,38200,0,9,1,83000,Регион,Наёмный труд,0
47,33100,27,3,1,23000,Регион,Наёмный труд,0
36,44900,9,8,0,172000,Регион,Наёмный труд,0
24,95400,0,12,0,65000,Регион,Самозанятый,1
50,41000,26,0,1,176000,Регион,Без работы,1
24,63500,0,8,1,270000,Санкт-Петербург,Наёмный труд,0
57,68000,32,7,0,70000,Москва,Без работы,0
22,59800,0,4,1,67000,Регион,Наёмный труд,1
42,86900,20,5,1,181000,Москва,Наёмный труд,0
56,35700,35,6,1,75000,Регион,Без работы,1
56,30700,33,3,0,218000,Регион,Наёмный труд,0
29,30400,2,13,1,65000,Регион,Наёмный труд,0
29,45900,3,13,0,234000,Регион,Наёмный труд,0
38,32000,15,5,1,82000,Москва,Самозанятый,0
36,52400,14,6,0,120000,Регион,Самозанятый,0
40,50700,14,10,2,178000,Регион,Самозанятый,0
33,77500,12,14,0,134000,Москва,Наёмный труд,0
28,55900,2,5,0,188000,Регион,Самозанятый,0
20,40600,0,10,1,41000,Регион,Наёмный труд,0
64,59000,41,12,0,77000,Москва,Наёмный труд,0
32,30800,8,14,1,103000,Регион,ИП,1
23,48200,0,11,0,62000,Регион,Наёмный труд,0
20,56600,0,5,1,177000,Москва,Наёмный труд,0
59,52000,33,1,0,73000,Регион,Наёмный труд,0
51,59100,28,4,2,62000,Регион,Наёмный труд,0
53,36700,28,2,2,174000,Санкт-Петербург,Наёмный труд,1
47,82300,26,6,1,53000,Регион,Наёмный труд,0
50,111300,25,3,2,54000,Москва,Наёмный труд,0
27,23800,5,0,0,134000,Регион,Наёмный труд,0
58,28400,32,11,0,221000,Москва,ИП,0
45,50000,21,11,0,109000,Санкт-Петербург,Наёмный труд,0
53,43700,32,5,0,37000,Регион,Наёмный труд,0
22,115100,0,5,0,149000,Санкт-Петербург,ИП,0
31,54100,11,6,1,69000,Санкт-Петербург,Самозанятый,0
20,91700,0,14,2,193000,Регион,Наёмный труд,1
63,19500,36,10,1,79000,Регион,Наёмный труд,0
24,70700,3,7,0,196000,Регион,Без работы,0
49,35500,27,14,1,77000,Регион,Наёмный труд,0
49,35300,22,2,3,65000,Регион,Без работы,1
36,43800,10,13,1,31000,Регион,Наёмный труд,0
42,25800,22,5,0,66000,Регион,Наёмный труд,0
34,59800,14,9,1,110000,Санкт-Петербург,Наёмный труд,0
56,53400,32,1,0,105000,Москва,Наёмный труд,0
40,55300,20,12,0,142000,Регион,Самозанятый,0
33,73100,12,13,1,208000,Регион,Без работы,0
21,96900,0,8,1,100000,Регион,Без работы,0
30,41600,3,1,0,103000,Регион,Самозанятый,0
58,60800,38,2,0,192000,Москва,Самозанятый,0
57,55900,31,11,0,113000,Москва,ИП,0
53,58100,26,14,1,57000,Регион,Самозанятый,0
57,58500,35,14,0,72000,Регион,Наёмный труд,1
53,100300,27,12,1,28000,Санкт-Петербург,Наёмный труд,0
37,39900,12,9,0,56000,Регион,Наёмный труд,0
49,24700,28,11,0,36000,Москва,Самозанятый,1
34,35800,12,11,2,122000,Регион,ИП,0
46,68900,24,1,1,204000,Регион,Самозанятый,0
53,49500,29,8,0,56000,Регион,Наёмный труд,0
57,39700,34,0,2,57000,Москва,ИП,0
52,30200,28,4,1,174000,Москва,Без работы,0
43,54200,22,0,0,75000,Москва,Наёмный труд,0
34,65500,13,4,0,115000,Регион,Без работы,1
49,56300,25,7,0,154000,Москва,Наёмный труд,0
61,43700,38,7,1,65000,Москва,Наёмный труд,0
36,52400,10,10,0,65000,Регион,Самозанятый,0
24,52200,0,7,4,73000,Регион,Наёмный труд,0
48,53400,27,1,3,39000,Регион,Наёмный труд,0
23,28800,0,7,0,132000,Регион,Наёмный труд,0
29,53600,8,11,1,142000,Регион,Наёмный труд,0
36,40200,13,4,0,104000,Регион,Наёмный труд,0
29,78300,6,14,0,223000,Регион,Наёмный труд,1
36,52000,9,0,1,84000,Санкт-Петербург,Без работы,1
39,71400,15,6,1,143000,Регион,Наёмный труд,0
43,42800,19,12,1,132000,Регион,Наёмный труд,1
24,43500,0,5,2,61000,Регион,Без работы,1
53,96000,30,4,0,197000,Регион,Без работы,0
25,59700,2,0,3,107000,Регион,ИП,0
21,35500,0,13,1,177000,Москва,Наёмный труд,0
32,73400,10,13,2,45000,Регион,Наёмный труд,0
62,38600,38,0,2,105000,Регион,Наёмный труд,1
62,54300,35,5,0,75000,Регион,Наёмный труд,0
30,112000,5,9,0,59000,Москва,Самозанятый,1
42,25700,21,11,1,230000,Регион,Наёмный труд,0
35,45300,14,6,0,111000,Москва,ИП,0
50,58900,30,9,1,41000,Санкт-Петербург,Наёмный труд,0
30,69200,6,9,1,73000,Санкт-Петербург,Наёмный труд,0
35,28000,9,0,0,173000,Москва,Наёмный труд,1
27,24600,6,8,2,59000,Регион,Самозанятый,0
23,80100,3,14,1,56000,Регион,Наёмный труд,0
59,35400,34,3,0,90000,Регион,Наёмный труд,0
23,34800,0,4,0,131000,Регион,Наёмный труд,0
44,98500,19,1,0,64000,Регион,Наёмный труд,0
22,50600,0,13,1,125000,Регион,Наёмный труд,0
51,50700,27,11,0,101000,Регион,Наёмный труд,0
22,45200,0,9,1,108000,Регион,Наёмный труд,1
46,28300,26,12,0,23000,Регион,Самозанятый,0
48,66400,25,7,1,100000,Регион,Наёмный труд,0
51,58900,26,13,2,85000,Регион,Наёмный труд,0
38,52900,13,1,1,125000,Санкт-Петербург,Наёмный труд,0
40,46500,18,2,2,67000,Регион,Наёмный труд,0
24,43000,2,14,1,79000,Регион,Наёмный труд,0
37,73900,10,11,0,136000,Регион,ИП,0
47,46000,21,14,1,235000,Санкт-Петербург,Наёмный труд,0
61,47600,39,8,0,45000,Регион,Наёмный труд,0
41,62200,19,1,0,134000,Регион,Наёмный труд,0
40,53800,14,13,1,205000,Регион,Наёмный труд,1
25,102600,4,5,1,150000,Москва,Наёмный труд,0
20,22200,0,11,0,197000,Москва,Самозанятый,0
24,56100,3,3,1,71000,Регион,Наёмный труд,0
60,35700,39,6,1,207000,Регион,Наёмный труд,0
31,32100,7,13,0,64000,Москва,Самозанятый,0
45,39900,24,13,0,102000,Санкт-Петербург,Наёмный труд,0
53,50200,32,5,2,73000,Регион,Наёмный труд,0
33,51300,11,9,0,75000,Регион,ИП,0
45,24800,24,13,1,35000,Регион,ИП,0
64,38400,41,8,3,30000,Регион,Самозанятый,1
46,55600,20,13,1,200000,Регион,Наёмный труд,0
28,33000,6,8,1,34000,Москва,Наёмный труд,1
45,29700,19,9,0,115000,Регион,Наёмный труд,0
41,17800,21,3,0,45000,Москва,Наёмный труд,0
49,36400,27,0,0,59000,Регион,Наёмный труд,0
62,29200,41,1,0,149000,Санкт-Петербург,ИП,0
36,31500,13,7,2,109000,Регион,Наёмный труд,0
45,43400,19,13,1,91000,Регион,Наёмный труд,0
55,37400,33,9,1,196000,Санкт-Петербург,Наёмный труд,0
20,29000,0,7,1,83000,Москва,Без работы,1
27,18900,1,13,0,206000,Санкт-Петербург,Самозанятый,0
54,56200,34,14,0,52000,Регион,Без работы,0
34,68800,9,1,1,48000,Москва,Наёмный труд,0
41,41000,14,3,0,91000,Москва,Наёмный труд,0
33,43500,6,0,2,99000,Регион,Наёмный труд,1
45,49100,25,6,1,59000,Регион,ИП,0
47,99800,22,3,0,84000,Санкт-Петербург,Наёмный труд,0
42,24200,18,10,1,224000,Регион,Наёмный труд,0
33,40700,8,13,1,78000,Регион,Наёмный труд,1
43,22600,19,7,2,31000,Регион,Наёмный труд,1
21,57700,0,8,0,35000,Санкт-Петербург,Наёмный труд,1
64,45900,40,11,1,345000,Регион,Наёмный труд,0
45,53700,18,8,0,236000,Регион,Наёмный труд,0
33,52500,6,2,1,76000,Регион,Наёмный труд,0
26,76600,3,4,0,161000,Регион,Наёмный труд,0
22,62500,0,5,1,115000,Регион,ИП,1
42,71200,19,5,1,212000,Регион,Наёмный труд,0
62,30300,35,9,0,52000,Регион,Самозанятый,0
64,83900,38,7,1,53000,Регион,Наёмный труд,0
37,35400,11,5,0,218000,Санкт-Петербург,Наёмный труд,0
57,36300,32,5,0,40000,Москва,Наёмный труд,0
54,55400,29,3,0,103000,Регион,Без работы,0
34,56200,9,6,1,96000,Регион,Наёмный труд,0
44,30300,20,13,1,158000,Регион,Наёмный труд,0
56,45300,31,13,0,107000,Регион,Наёмный труд,0
47,95800,23,7,2,91000,Регион,Наёмный труд,0
29,25300,5,2,1,79000,Москва,Наёмный труд,0
58,95600,37,6,2,54000,Санкт-Петербург,Наёмный труд,0
36,44000,15,2,0,89000,Регион,Наёмный труд,0
58,17100,34,7,0,199000,Регион,Наёмный труд,0
41,26500,15,0,0,83000,Москва,ИП,0
45,31800,22,0,1,230000,Регион,Наёмный труд,0
63,37000,36,13,0,153000,Москва,Наёмный труд,0
44,46800,17,5,1,131000,Москва,Самозанятый,0
36,14500,14,9,0,90000,Санкт-Петербург,Наёмный труд,1
32,53300,12,8,0,68000,Регион,Наёмный труд,0
39,30500,18,11,0,271000,Москва,Наёмный труд,0
44,91700,20,13,0,159000,Москва,Наёмный труд,0
23,43400,3,3,2,91000,Регион,Наёмный труд,0
29,74900,8,5,0,274000,Регион,Без работы,0
22,80800,0,11,1,144000,Санкт-Петербург,Наёмный труд,0
60,79800,33,4,0,42000,Регион,Наёмный труд,0
64,38000,41,11,1,76000,Санкт-Петербург,Без работы,0
37,37800,13,14,0,153000,Регион,Без работы,0
55,44300,33,0,1,244000,Регион,Наёмный труд,0
41,65300,14,5,0,407000,Регион,ИП,0
53,39000,27,8,0,100000,Москва,Наёмный труд,1
27,46500,6,14,0,143000,Регион,ИП,0
59,55400,35,14,1,68000,Регион,Самозанятый,0
63,32600,43,11,0,58000,Санкт-Петербург,Наёмный труд,0
38,31700,12,2,2,36000,Санкт-Петербург,Наёмный труд,0
61,45700,34,10,0,125000,Регион,Наёмный труд,0
60,48500,34,14,1,211000,Регион,Наёмный труд,0
56,59600,31,2,0,157000,Москва,Наёмный труд,1
25,66300,2,13,0,104000,Регион,Самозанятый,0
45,29900,18,1,0,206000,Москва,Наёмный труд,0
53,34000,27,12,0,580000,Москва,Наёмный труд,1
64,31700,43,3,1,60000,Регион,Самозанятый,1
25,92600,2,9,2,23000,Санкт-Петербург,Наёмный труд,0
56,46400,32,2,0,121000,Регион,Наёмный труд,0
52,49400,27,11,1,189000,Санкт-Петербург,Наёмный труд,0
41,50300,14,1,2,39000,Регион,Наёмный труд,0
40,35500,18,0,0,163000,Регион,Наёмный труд,0
25,99100,2,2,0,81000,Регион,ИП,0
25,59000,5,9,1,121000,Санкт-Петербург,Наёмный труд,1
23,49900,2,5,2,57000,Регион,ИП,0
49,29800,22,8,1,55000,Санкт-Петербург,Наёмный труд,0
30,29100,10,10,1,51000,Регион,Наёмный труд,0
49,42700,26,4,1,147000,Регион,Наёмный труд,0
50,35800,23,14,1,68000,Санкт-Петербург,Наёмный труд,0
43,30300,18,2,2,116000,Регион,Самозанятый,0
28,41500,6,13,1,100000,Санкт-Петербург,Наёмный труд,0
22,44500,0,4,0,49000,Москва,Наёмный труд,0
50,52300,30,4,0,103000,Москва,Наёмный труд,0
59,39100,35,4,1,114000,Регион,Самозанятый,0
56,31200,32,11,1,187000,Регион,Наёмный труд,0
55,31600,30,11,0,242000,Санкт-Петербург,ИП,1
43,84600,21,6,0,54000,Регион,Наёмный труд,0
50,27900,30,4,0,122000,Москва,Наёмный труд,0
25,57700,5,6,1,26000,Москва,Наёмный труд,0
21,61900,0,8,1,165000,Регион,Самозанятый,0
39,46400,12,4,1,191000,Регион,Без работы,0
47,108600,27,1,0,20000,Москва,Наёмный труд,0
30,61400,3,4,0,81000,Санкт-Петербург,ИП,0
23,112300,0,7,2,58000,Регион,Наёмный труд,0
34,36600,7,11,0,80000,Москва,Наёмный труд,1
25,36900,0,3,0,71000,Санкт-Петербург,Наёмный труд,0
49,62200,25,1,0,96000,Регион,Наёмный труд,1
57,43600,33,9,2,179000,Регион,Наёмный труд,0
21,104700,0,2,1,82000,Регион,Наёмный труд,1
34,57200,13,8,0,55000,Регион,Наёмный труд,0
30,30600,7,8,3,88000,Москва,Наёмный труд,0
27,22400,2,7,1,85000,Регион,Наёмный труд,1
45,47300,25,7,2,94000,Москва,Наёмный труд,0
64,47100,41,7,1,68000,Регион,Наёмный труд,0
63,56500,43,7,0,123000,Регион,Наёмный труд,0
24,84500,0,7,1,214000,Регион,Самозанятый,0
25,79700,0,0,1,46000,Регион,Наёмный труд,0
45,37800,20,5,1,129000,Регион,Наёмный труд,0
23,27400,1,11,0,176000,Москва,Наёмный труд,1
38,28100,18,8,0,76000,Регион,Наёмный труд,0
39,35200,15,7,3,209000,Регион,Наёмный труд,1
52,41600,29,2,1,95000,Регион,Наёмный труд,0
39,56200,13,10,1,50000,Москва,Наёмный труд,0
31,34200,6,0,2,46000,Москва,Наёмный труд,0
20,55600,0,1,0,158000,Санкт-Петербург,Наёмный труд,0
45,57700,19,10,1,150000,Москва,Наёмный труд,0
33,52300,12,14,0,252000,Регион,Наёмный труд,0
57,29500,35,1,0,148000,Москва,ИП,0
56,60500,35,6,1,93000,Москва,ИП,0
30,125100,5,11,0,132000,Регион,Наёмный труд,0
55,54800,34,5,0,103000,Регион,Без работы,0
32,13000,11,10,1,81000,Регион,Наёмный труд,1
62,85700,40,1,0,71000,Регион,Наёмный труд,0
22,35700,0,7,0,35000,Москва,Наёмный труд,1
52,135900,25,14,4,63000,Москва,Наёмный труд,0
25,51700,3,8,0,98000,Москва,Самозанятый,0
29,23000,3,14,0,19000,Регион,Наёмный труд,0
24,19400,0,6,0,72000,Москва,ИП,0
42,98000,20,3,3,172000,Регион,Наёмный труд,0
29,80600,8,12,2,221000,Москва,Наёмный труд,0
63,133500,39,12,1,72000,Регион,Наёмный труд,0
21,49300,0,0,0,70000,Регион,ИП,0
32,47800,5,3,1,64000,Регион,Наёмный труд,0
59,41300,37,3,0,71000,Регион,Наёмный труд,1
21,36500,0,7,0,196000,Регион,Наёмный труд,0
39,41100,16,3,3,262000,Регион,Самозанятый,1
20,54100,0,3,0,36000,Регион,ИП,0
56,33500,31,12,0,61000,Регион,Наёмный труд,0
28,23100,2,1,0,32000,Регион,Без работы,1
36,52700,13,11,0,97000,Санкт-Петербург,Наёмный труд,0
28,33200,3,9,0,74000,Регион,Наёмный труд,0
30,11400,7,6,1,122000,Санкт-Петербург,Наёмный труд,1
34,62900,11,14,1,147000,Санкт-Петербург,Наёмный труд,0
43,29800,16,3,1,137000,Регион,Наёмный труд,1
57,66000,33,10,1,37000,Москва,ИП,0
54,65300,34,5,2,97000,Москва,Наёмный труд,0
49,55700,26,2,0,36000,Санкт-Петербург,Наёмный труд,0
50,150800,28,6,2,280000,Регион,ИП,0
24,46100,0,5,2,80000,Регион,ИП,0
63,43100,37,2,3,43000,Регион,Наёмный труд,0
33,66700,9,3,2,71000,Регион,Наёмный труд,1
30,47800,5,9,1,112000,Регион,Наёмный труд,0
28,82600,1,13,0,153000,Москва,Без работы,0
53,27700,31,4,0,215000,Москва,Наёмный труд,0
31,27900,9,8,0,103000,Регион,Наёмный труд,1
54,69200,31,13,0,81000,Санкт-Петербург,ИП,0
54,29000,32,5,1,149000,Москва,ИП,0
20,64500,0,12,2,146000,Регион,Наёмный труд,1
59,57900,32,3,0,106000,Регион,Наёмный труд,0
41,35900,19,10,2,160000,Санкт-Петербург,Наёмный труд,0
48,57800,25,10,3,68000,Регион,Без работы,1
27,28100,2,6,2,97000,Регион,Наёмный труд,0
30,31300,3,1,2,29000,Регион,Наёмный труд,0
60,44100,38,3,0,227000,Регион,Наёмный труд,0
56,50800,32,4,0,73000,Санкт-Петербург,Наёмный труд,0
33,42800,6,3,0,228000,Регион,Наёмный труд,1
49,59600,22,3,0,67000,Регион,ИП,0
54,58400,28,10,0,118000,Регион,Самозанятый,0
40,97600,16,12,1,102000,Регион,Наёмный труд,0
56,47000,32,8,0,69000,Регион,Наёмный труд,1
24,83900,0,13,0,132000,Регион,Наёмный труд,0
38,74200,17,10,1,212000,Москва,Наёмный труд,0
33,137600,7,12,0,289000,Регион,Наёмный труд,1
45,46300,21,1,1,154000,Регион,Наёмный труд,1
23,40600,0,5,0,48000,Регион,Наёмный труд,0
44,86300,23,13,0,42000,Регион,Наёмный труд,1
64,58300,39,7,0,196000,Москва,Самозанятый,0
61,87300,35,7,1,54000,Москва,ИП,0
44,67700,20,10,1,143000,Регион,ИП,1
37,19000,14,6,1,107000,Санкт-Петербург,Без работы,0
59,58100,34,9,0,218000,Санкт-Петербург,Без работы,0
27,56400,1,10,1,134000,Регион,Наёмный труд,0
58,52000,34,3,0,97000,Регион,Наёмный труд,0
59,46200,35,6,2,340000,Регион,Наёмный труд,1
33,23900,12,12,3,162000,Регион,ИП,0
51,72600,25,9,1,138000,Регион,Наёмный труд,1
57,58000,34,5,1,66000,Регион,Без работы,0
52,80500,27,10,0,50000,Москва,Наёмный труд,0
42,24500,20,5,0,84000,Санкт-Петербург,Наёмный труд,0
34,61600,14,1,0,40000,Регион,Наёмный труд,0
52,44100,29,7,1,81000,Регион,Самозанятый,0
44,52300,22,7,1,160000,Санкт-Петербург,Наёмный труд,0
36,44300,13,13,0,178000,Санкт-Петербург,Наёмный труд,0
52,62600,26,10,2,80000,Регион,Наёмный труд,0
21,45600,0,6,0,575000,Регион,Наёмный труд,1
33,30500,7,10,1,212000,Регион,Наёмный труд,0
59,51000,37,8,2,97000,Регион,Наёмный труд,0
59,44500,36,7,0,196000,Регион,Наёмный труд,1
58,47200,37,13,0,70000,Регион,Наёмный труд,0
25,11700,2,8,0,115000,Москва,Без работы,1
25,66600,0,14,2,80000,Регион,Без работы,1
22,42500,0,8,1,48000,Регион,Наёмный труд,0
26,26700,0,5,1,136000,Санкт-Петербург,Наёмный труд,0
27,74200,0,1,1,98000,Москва,Наёмный труд,0
61,65300,39,11,2,103000,Регион,Без работы,0
34,42300,7,6,0,97000,Регион,Наёмный труд,0
48,29200,28,2,1,58000,Регион,Наёмный труд,1
52,53100,30,12,2,256000,Москва,Наёмный труд,1
49,51800,22,6,1,115000,Регион,Наёмный труд,0
58,74300,34,8,0,84000,Регион,Наёмный труд,0
46,40100,23,9,0,45000,Санкт-Петербург,ИП,0
55,83900,30,13,2,229000,Регион,Наёмный труд,0
48,38400,25,9,0,171000,Москва,Наёмный труд,0
57,26800,30,1,2,99000,Регион,Наёмный труд,1
52,29500,31,13,0,46000,Регион,Самозанятый,0
56,47700,30,12,2,267000,Регион,Наёмный труд,0
46,47600,21,5,1,79000,Регион,Наёмный труд,0
52,56800,30,12,1,66000,Регион,ИП,0
23,47100,2,5,0,96000,Регион,Без работы,0
41,76100,18,8,2,124000,Регион,Наёмный труд,0
21,43600,0,12,1,89000,Москва,Наёмный труд,0
29,20000,7,8,1,13000,Регион,Наёмный труд,0
24,46400,2,14,1,115000,Москва,Самозанятый,1
29,19900,5,12,1,172000,Москва,Наёмный труд,0
52,55400,28,4,2,58000,Москва,Наёмный труд,0
57,78900,30,13,2,252000,Санкт-Петербург,Наёмный труд,0
32,31500,5,4,1,167000,Регион,Наёмный труд,1
50,92800,30,8,0,131000,Регион,Наёмный труд,0
55,71600,31,7,0,54000,Москва,Без работы,0
64,84400,38,6,0,117000,Регион,Наёмный труд,0
43,53400,18,7,0,122000,Регион,Без работы,0
34,31400,12,5,1,94000,Регион,Наёмный труд,1
48,69700,24,2,0,169000,Санкт-Петербург,Без работы,0
27,37000,0,6,0,80000,Москва,ИП,0
24,51700,4,7,2,84000,Санкт-Петербург,Наёмный труд,0
48,45400,21,14,1,66000,Санкт-Петербург,Наёмный труд,0
23,81300,0,7,2,75000,Регион,Наёмный труд,0
31,68100,4,0,2,90000,Регион,Наёмный труд,0
64,47300,41,6,1,88000,Санкт-Петербург,Наёмный труд,0
21,20400,0,2,0,86000,Санкт-Петербург,Наёмный труд,0
46,36800,22,1,0,172000,Санкт-Петербург,ИП,0
50,67300,28,13,0,243000,Регион,ИП,0
55,55600,32,1,0,46000,Москва,Наёмный труд,0
55,24900,28,13,1,240000,Регион,Без работы,1
45,21700,19,14,0,148000,Регион,Без работы,0
62,53500,40,13,3,58000,Москва,Наёмный труд,0
46,30500,23,7,4,81000,Регион,Наёмный труд,0
24,31800,0,8,0,117000,Регион,Наёмный труд,1
39,66300,13,2,1,37000,Регион,Наёмный труд,0
30,84200,5,13,0,94000,Регион,Наёмный труд,0
29,35000,7,2,2,135000,Регион,Наёмный труд,0
59,48000,35,5,4,63000,Санкт-Петербург,ИП,0
57,47400,33,10,1,41000,Москва,Наёмный труд,0
25,45500,5,9,1,111000,Регион,Наёмный труд,0
27,49900,4,0,2,371000,Регион,Самозанятый,0
42,68900,22,5,1,64000,Москва,ИП,0
45,36200,24,11,0,65000,Регион,Наёмный труд,0
62,24700,38,2,0,88000,Регион,ИП,0
31,104900,8,10,0,253000,Москва,Наёмный труд,0
45,80000,20,3,1,37000,Регион,Наёмный труд,0
32,29800,12,8,0,157000,Регион,Наёмный труд,0
59,52100,34,2,1,74000,Регион,Наёмный труд,0
37,77300,12,0,0,78000,Регион,Наёмный труд,0
44,68700,17,2,0,54000,Москва,Наёмный труд,0
52,60300,25,6,0,85000,Регион,Наёмный труд,0
59,45400,34,12,0,55000,Регион,ИП,0
62,106600,42,6,0,71000,Регион,Наёмный труд,0
31,54100,4,10,1,22000,Москва,Наёмный труд,0
63,38900,42,4,0,35000,Регион,Самозанятый,0
55,72500,29,13,1,121000,Регион,Наёмный труд,0
23,51200,0,0,2,211000,Санкт-Петербург,Наёмный труд,0
24,57400,0,10,1,685000,Регион,Наёмный труд,0
56,53700,36,7,0,172000,Регион,Самозанятый,0
27,61300,1,9,1,72000,Москва,Самозанятый,0
61,31600,39,7,2,30000,Регион,ИП,0
47,25500,21,9,1,136000,Санкт-Петербург,Наёмный труд,0
50,93500,26,11,3,41000,Москва,ИП,0
28,54800,8,9,1,61000,Москва,Наёмный труд,0
48,69300,21,12,0,168000,Москва,Наёмный труд,0
33,22200,6,9,1,118000,Москва,Наёмный труд,0
59,79200,33,1,1,57000,Регион,ИП,0
60,38800,40,9,1,35000,Москва,Наёмный труд,0
41,34100,20,2,0,112000,Регион,Наёмный труд,0
30,47600,8,3,0,121000,Регион,Самозанятый,0
42,31600,15,0,1,243000,Регион,Самозанятый,1
20,49000,0,3,1,22000,Регион,Наёмный труд,0
56,46100,29,4,0,106000,Регион,Наёмный труд,0
40,79000,13,2,0,171000,Регион,Самозанятый,0
45,96900,21,13,0,77000,Москва,ИП,0
55,95500,29,10,2,38000,Регион,Наёмный труд,0
42,17700,18,14,1,57000,Регион,Наёмный труд,0
20,32200,0,9,0,101000,Москва,Наёмный труд,1
59,17600,32,1,0,74000,Регион,Наёмный труд,0
34,28600,14,12,1,118000,Регион,Наёмный труд,0
40,36600,15,5,0,213000,Санкт-Петербург,Наёмный труд,0
28,59000,2,7,0,78000,Регион,Наёмный труд,0
28,38800,3,6,1,205000,Регион,Наёмный труд,0
29,39300,7,10,0,92000,Регион,Самозанятый,0
45,53200,21,13,0,121000,Регион,Наёмный труд,0
60,22700,35,0,0,92000,Регион,Наёмный труд,0
54,33600,30,3,0,123000,Санкт-Петербург,ИП,1
44,39100,18,2,1,136000,Регион,Наёмный труд,0
45,44800,19,5,1,145000,Санкт-Петербург,Наёмный труд,1
30,50700,8,8,1,99000,Регион,Наёмный труд,0
57,96300,31,8,0,13000,Москва,Самозанятый,0
21,73800,0,6,1,141000,Москва,Без работы,1
26,34700,4,14,1,30000,Регион,Наёмный труд,0
37,43600,12,11,3,69000,Регион,Самозанятый,0
46,42300,20,8,1,24000,Санкт-Петербург,Наёмный труд,0
53,38900,33,7,2,274000,Регион,Самозанятый,0
46,55400,23,4,1,127000,Регион,Без работы,0
36,21200,15,8,1,81000,Москва,Наёмный труд,0
62,72900,35,13,0,231000,Москва,ИП,0
63,105000,40,6,1,136000,Регион,Наёмный труд,0
43,43400,20,4,1,106000,Регион,Наёмный труд,0
44,43000,20,14,0,125000,Санкт-Петербург,Самозанятый,1
26,52600,0,7,0,78000,Регион,Наёмный труд,0
25,77600,0,14,1,47000,Регион,Наёмный труд,0
43,42400,21,6,2,176000,Москва,ИП,0
52,74600,28,8,0,95000,Москва,Самозанятый,0
48,61100,23,9,1,34000,Санкт-Петербург,ИП,0
62,141900,41,0,0,134000,Регион,Наёмный труд,0
41,42300,16,14,0,101000,Москва,Наёмный труд,0
45,20100,25,12,2,274000,Москва,Без работы,1
47,25700,26,8,0,116000,Регион,Наёмный труд,1
40,49300,16,14,3,49000,Москва,Без работы,0
26,77900,0,6,3,34000,Регион,Самозанятый,0
36,36500,10,0,1,211000,Москва,ИП,1
39,44200,15,0,0,95000,Регион,Наёмный труд,0
60,66700,35,4,1,59000,Санкт-Петербург,Наёмный труд,0
39,31700,15,7,1,64000,Москва,Наёмный труд,0
41,37200,17,8,1,215000,Регион,Наёмный труд,0
47,29000,24,11,2,131000,Регион,Самозанятый,0
59,83300,39,5,1,191000,Регион,ИП,0
26,98100,0,11,0,114000,Регион,Наёмный труд,0
20,24100,0,12,0,60000,Регион,ИП,0
51,46000,28,9,0,288000,Регион,Наёмный труд,1
32,92300,8,11,1,78000,Регион,Наёмный труд,0
49,58700,27,7,1,160000,Регион,Наёмный труд,1
42,39300,19,14,1,189000,Регион,Самозанятый,0
38,24400,14,5,2,99000,Регион,Наёмный труд,1
51,82400,25,10,0,51000,Москва,Наёмный труд,0
49,57700,22,5,1,66000,Москва,Наёмный труд,0
48,25300,24,3,0,148000,Санкт-Петербург,Наёмный труд,0
64,83700,44,10,0,136000,Регион,Наёмный труд,0
48,23900,23,4,0,215000,Регион,Наёмный труд,0
49,44400,28,13,1,196000,Регион,Самозанятый,0
35,43500,12,1,0,56000,Санкт-Петербург,Наёмный труд,0
59,101500,36,2,0,235000,Москва,Наёмный труд,0
38,43600,15,2,0,53000,Регион,Наёмный труд,0
37,43500,13,13,1,141000,Регион,Без работы,1
20,26500,0,11,0,422000,Москва,Наёмный труд,1
33,36700,13,10,1,119000,Регион,Самозанятый,0
21,33900,0,4,1,34000,Регион,ИП,0
47,34700,23,13,1,81000,Санкт-Петербург,ИП,1
49,49200,25,4,0,364000,Регион,Самозанятый,0
57,16400,32,5,0,87000,Регион,Наёмный труд,1
23,24800,1,4,0,219000,Регион,ИП,0
20,46600,0,11,2,56000,Москва,Наёмный труд,0
27,51800,4,5,0,80000,Санкт-Петербург,Самозанятый,1
48,44100,27,7,3,87000,Санкт-Петербург,Без работы,0
58,48100,35,14,1,318000,Санкт-Петербург,Без работы,0
22,40800,0,1,0,82000,Регион,Наёмный труд,0
51,48600,27,3,0,32000,Санкт-Петербург,Наёмный труд,0
29,59600,9,12,1,412000,Регион,Наёмный труд,0
29,59400,3,5,1,113000,Санкт-Петербург,Наёмный труд,0
38,36000,18,11,0,146000,Регион,Наёмный труд,0
53,74000,33,4,1,38000,Регион,Наёмный труд,0
52,52600,30,0,0,115000,Регион,Без работы,0
42,85300,19,8,1,100000,Москва,Наёмный труд,0
47,93400,25,2,3,55000,Санкт-Петербург,Наёмный труд,0
51,25600,25,1,0,147000,Москва,Наёмный труд,0
26,33300,0,8,1,35000,Москва,ИП,1
48,70700,23,6,0,55000,Санкт-Петербург,Без работы,0
27,23200,0,4,0,204000,Москва,Наёмный труд,1
20,92900,0,11,0,64000,Регион,Наёмный труд,0
22,42000,0,5,1,73000,Регион,Наёмный труд,0
43,63500,19,11,1,104000,Москва,Без работы,1
42,46500,20,10,1,79000,Регион,Наёмный труд,0
27,26200,5,3,0,149000,Москва,Наёмный труд,0
56,78800,31,0,1,110000,Регион,Наёмный труд,0
22,169000,0,3,0,40000,Регион,Наёмный труд,0
52,38900,32,8,1,64000,Регион,Самозанятый,0
47,42400,23,0,0,60000,Москва,Наёмный труд,0
27,14900,4,9,0,75000,Санкт-Петербург,Наёмный труд,1
53,90100,28,2,0,106000,Москва,Наёмный труд,0
54,73900,27,14,2,119000,Регион,Без работы,0
51,22500,27,14,1,24000,Регион,Наёмный труд,0
43,19400,23,4,3,183000,Регион,Самозанятый,1
33,20400,9,6,1,93000,Регион,Наёмный труд,0
51,65500,29,8,1,50000,Регион,Самозанятый,0
62,68500,41,5,0,175000,Регион,Без работы,0
35,32400,13,2,1,28000,Регион,Наёмный труд,1
23,61400,0,12,1,38000,Москва,Наёмный труд,0
56,52700,30,6,0,354000,Регион,Наёмный труд,1
40,41600,19,14,0,108000,Санкт-Петербург,ИП,0
33,75900,7,13,0,63000,Москва,Наёмный труд,0
50,28500,26,3,0,105000,Москва,Наёмный труд,0
37,82200,14,2,1,89000,Регион,Наёмный труд,0
26,35300,0,13,1,101000,Регион,Наёмный труд,0
29,109300,5,6,1,132000,Санкт-Петербург,Наёмный труд,0
26,31200,6,10,1,88000,Регион,Самозанятый,0
52,41800,28,10,0,122000,Регион,Самозанятый,0
42,50300,21,6,0,90000,Регион,Наёмный труд,0
40,50200,18,3,0,60000,Регион,Наёмный труд,1
38,61100,15,11,0,51000,Регион,Наёмный труд,0
38,27500,12,6,1,218000,Регион,ИП,1
55,48200,31,10,4,146000,Санкт-Петербург,Наёмный труд,1
48,52200,24,13,1,184000,Санкт-Петербург,Наёмный труд,0
37,38700,15,1,3,99000,Регион,Наёмный труд,0
21,58800,0,0,1,113000,Москва,ИП,0
20,26700,0,11,0,89000,Санкт-Петербург,Наёмный труд,0
24,42300,0,14,1,198000,Регион,Наёмный труд,0
39,34900,15,1,1,80000,Москва,Наёмный труд,1
30,42400,6,3,1,55000,Москва,Наёмный труд,0
61,94000,36,7,3,135000,Регион,Наёмный труд,0
21,94800,0,2,1,90000,Регион,Наёмный труд,0
22,86800,1,14,0,115000,Регион,Наёмный труд,0
42,39800,21,9,0,151000,Регион,Самозанятый,0
31,73700,4,14,1,70000,Регион,Наёмный труд,0
39,51600,12,5,2,87000,Санкт-Петербург,Наёмный труд,1
24,50000,4,5,1,82000,Москва,Наёмный труд,0
56,47300,34,12,1,214000,Москва,Наёмный труд,0
57,108200,34,8,1,100000,Регион,Наёмный труд,0
49,90600,25,8,0,108000,Регион,Самозанятый,0
28,68500,2,3,0,49000,Регион,Наёмный труд,0
53,45400,29,8,0,153000,Регион,Самозанятый,0
63,49900,36,14,0,128000,Москва,Самозанятый,0
54,62200,34,14,0,60000,Регион,ИП,0
41,38800,15,12,1,313000,Регион,Самозанятый,0
63,74800,37,5,2,121000,Регион,Наёмный труд,0
43,32400,19,1,2,68000,Регион,Наёмный труд,0
36,58500,14,9,1,99000,Регион,Без работы,0
29,17500,9,13,2,79000,Регион,Наёмный труд,0
49,38300,27,10,1,249000,Регион,Наёмный труд,0
42,124900,22,5,0,173000,Москва,Наёмный труд,0
51,78100,27,1,0,130000,Москва,Наёмный труд,0
36,97800,16,7,3,277000,Москва,Наёмный труд,0
36,36300,15,3,1,53000,Санкт-Петербург,Без работы,0
33,51400,7,4,0,157000,Регион,Наёмный труд,0
28,87300,5,7,1,137000,Регион,Самозанятый,0
59,65200,35,13,0,86000,Регион,Наёмный труд,0
21,61600,0,10,1,86000,Регион,Наёмный труд,0
64,102100,41,7,0,172000,Регион,Наёмный труд,0
44,30700,20,11,0,164000,Москва,Наёмный труд,0
58,45100,35,13,0,42000,Регион,Наёмный труд,0
28,22300,7,11,0,294000,Регион,Без работы,1
41,29900,18,5,0,196000,Регион,Наёмный труд,1
62,79500,42,3,0,83000,Регион,Наёмный труд,0
23,32400,0,14,1,61000,Москва,Наёмный труд,0
45,68300,22,0,2,192000,Регион,Наёмный труд,0
48,103400,24,11,0,133000,Регион,Наёмный труд,0
64,45200,39,6,1,152000,Регион,Наёмный труд,0
53,61900,28,7,0,139000,Регион,Самозанятый,0
42,68500,15,8,0,205000,Регион,ИП,0
56,28300,34,1,1,165000,Москва,Наёмный труд,0
30,37100,3,0,2,72000,Москва,Наёмный труд,0
25,31200,0,3,0,69000,Санкт-Петербург,Наёмный труд,0
37,38500,14,12,0,122000,Москва,ИП,0
40,67700,15,4,0,390000,Регион,Самозанятый,0
61,37500,34,9,0,90000,Санкт-Петербург,Самозанятый,1
55,48300,32,11,0,123000,Регион,Наёмный труд,0
60,30700,34,0,0,169000,Регион,Наёмный труд,0
57,85100,32,4,0,77000,Москва,Наёмный труд,0
53,38400,27,5,0,159000,Регион,Без работы,0
36,97300,13,2,3,100000,Регион,Без работы,0
56,50400,32,11,1,209000,Регион,Наёмный труд,0
44,26000,21,14,0,56000,Регион,Самозанятый,0
57,45400,30,6,0,396000,Москва,Без работы,1
31,30400,5,13,2,82000,Регион,Наёмный труд,1
42,63900,18,5,0,135000,Регион,Самозанятый,0
61,43600,37,3,0,99000,Регион,Наёмный труд,0
41,52800,19,2,0,52000,Регион,Наёмный труд,0
40,41500,15,4,0,163000,Москва,Наёмный труд,0
46,38200,26,2,0,84000,Москва,Наёмный труд,0
50,31600,26,9,1,135000,Регион,Самозанятый,0
25,71400,0,8,0,61000,Регион,Наёмный труд,0
46,45300,21,8,0,84000,Регион,Наёмный труд,0
59,42500,38,5,0,83000,Санкт-Петербург,Наёмный труд,0
53,44800,30,12,1,137000,Москва,Наёмный труд,1
31,36100,4,10,4,119000,Санкт-Петербург,Наёмный труд,0
64,42600,38,5,1,89000,Санкт-Петербург,Наёмный труд,0
26,53800,5,11,2,79000,Регион,Наёмный труд,0
29,30800,3,13,4,119000,Регион,ИП,0
64,32900,41,3,2,111000,Санкт-Петербург,Без работы,0
36,91100,14,3,2,107000,Москва,Наёмный труд,0
45,41600,19,1,0,322000,Санкт-Петербург,ИП,0
40,38200,16,9,2,137000,Регион,Без работы,1
47,26800,27,3,0,313000,Регион,Наёмный труд,1
21,71900,0,7,3,95000,Регион,ИП,0
62,30500,39,12,0,96000,Регион,ИП,0
20,48700,0,9,0,73000,Санкт-Петербург,Наёмный труд,0
55,22700,35,1,0,118000,Москва,Наёмный труд,1
45,70800,21,8,1,81000,Регион,Самозанятый,0
48,83200,28,13,1,75000,Регион,Наёмный труд,0
40,61000,13,0,2,32000,Регион,Самозанятый,0
30,24600,7,12,1,238000,Регион,Наёмный труд,1
59,71500,37,1,0,78000,Регион,Наёмный труд,0
30,33800,8,14,0,239000,Москва,Наёмный труд,0
55,28900,29,1,0,93000,Регион,Наёмный труд,0
58,41300,34,10,1,145000,Регион,Самозанятый,1
59,40900,38,12,0,103000,Санкт-Петербург,Наёмный труд,0
54,39100,31,14,0,127000,Регион,Без работы,0
53,87000,29,13,2,54000,Регион,Наёмный труд,0
43,121200,19,5,1,201000,Москва,ИП,0
41,26500,19,14,1,79000,Регион,Без работы,1
24,36000,0,13,1,172000,Санкт-Петербург,Наёмный труд,0
52,52300,32,6,2,41000,Санкт-Петербург,ИП,0
55,41200,32,12,0,63000,Москва,Наёмный труд,0
39,58700,12,14,2,123000,Москва,Самозанятый,1
38,74000,18,14,0,89000,Москва,Наёмный труд,0
54,68700,29,2,0,130000,Санкт-Петербург,Без работы,0
62,64500,37,10,2,112000,Регион,Самозанятый,0
36,103400,13,8,1,296000,Москва,Наёмный труд,0
64,24000,38,4,2,137000,Регион,Наёмный труд,0
62,95400,41,4,2,76000,Санкт-Петербург,Наёмный труд,0
53,40700,28,10,1,78000,Регион,Наёмный труд,0
28,69800,6,11,1,203000,Москва,Наёмный труд,0
45,30800,24,3,0,39000,Москва,Наёмный труд,0
21,32600,0,8,0,138000,Москва,Наёмный труд,0
28,66000,3,7,0,51000,Регион,Наёмный труд,0
28,20600,6,11,1,192000,Регион,Самозанятый,1
59,76500,35,3,0,76000,Москва,Самозанятый,0
36,86400,15,3,1,135000,Санкт-Петербург,Самозанятый,0
20,53100,0,1,3,101000,Москва,Наёмный труд,0
44,52200,20,8,2,43000,Москва,Наёмный труд,1
62,33700,42,2,0,145000,Регион,Наёмный труд,0
59,66400,36,3,0,64000,Регион,Без работы,0
61,57300,38,13,0,160000,Регион,Наёмный труд,0
44,32400,23,6,3,54000,Санкт-Петербург,Наёмный труд,0
58,41100,37,9,0,114000,Регион,Наёмный труд,0
54,45600,32,7,0,101000,Санкт-Петербург,ИП,0
22,41100,0,7,1,69000,Санкт-Петербург,Наёмный труд,0
56,26500,36,3,0,226000,Регион,Наёмный труд,0
63,67100,40,14,2,101000,Москва,Наёмный труд,0
63,43900,36,6,2,77000,Регион,ИП,0
49,49400,23,9,1,118000,Регион,Наёмный труд,0
57,37800,37,0,3,41000,Москва,ИП,0
53,60700,33,5,0,430000,Регион,Самозанятый,0
31,53600,5,5,0,51000,Москва,ИП,0
38,84600,12,5,1,137000,Санкт-Петербург,Наёмный труд,0
56,60900,30,11,0,102000,Регион,Самозанятый,0
63,44700,42,1,0,200000,Регион,Без работы,0
36,35100,16,7,0,110000,Москва,Наёмный труд,0
29,72400,9,13,0,67000,Регион,Наёмный труд,0
31,43200,7,14,1,32000,Регион,Самозанятый,0
35,45400,9,14,0,34000,Москва,Наёмный труд,0
43,45400,17,4,2,86000,Регион,Без работы,0
38,40900,16,4,0,225000,Регион,Наёмный труд,0
27,45700,5,1,1,36000,Регион,Без работы,0
50,116600,27,3,1,299000,Москва,Наёмный труд,0
40,30600,18,11,0,190000,Регион,Самозанятый,0
36,34000,11,8,1,44000,Москва,Наёмный труд,0
42,91400,19,8,1,51000,Регион,Без работы,1
56,41400,29,5,1,55000,Регион,Наёмный труд,0
35,40000,9,10,1,118000,Санкт-Петербург,Наёмный труд,0
25,78100,1,14,0,95000,Москва,Наёмный труд,0
27,25900,5,8,3,93000,Регион,Без работы,1
44,70900,20,3,0,73000,Регион,Наёмный труд,0
37,50000,15,14,0,110000,Санкт-Петербург,ИП,0
44,60400,22,10,0,163000,Регион,ИП,0
31,59900,7,0,0,91000,Регион,Самозанятый,0
34,37000,14,1,1,66000,Санкт-Петербург,ИП,0
45,78700,25,12,1,179000,Москва,Наёмный труд,0
60,38300,40,0,3,86000,Регион,ИП,0
64,58900,39,7,1,137000,Санкт-Петербург,ИП,0
45,85600,25,8,0,93000,Санкт-Петербург,Наёмный труд,0
51,91200,29,9,0,189000,Москва,Наёмный труд,0
29,43500,3,11,1,207000,Регион,Наёмный труд,0
35,60400,14,5,2,203000,Москва,Наёмный труд,0
26,41700,2,1,1,71000,Регион,Наёмный труд,0
36,151300,10,5,0,70000,Регион,Наёмный труд,0
42,69600,21,8,1,167000,Москва,Без работы,1
45,50900,19,11,1,95000,Регион,Наёмный труд,0
40,56400,15,2,0,97000,Регион,ИП,0
41,58900,20,8,1,65000,Регион,Наёмный труд,0
26,59700,0,1,0,230000,Санкт-Петербург,Наёмный труд,0
33,44000,10,10,0,184000,Регион,Наёмный труд,0
34,41100,14,4,0,92000,Санкт-Петербург,Без работы,0
26,45800,0,10,1,67000,Москва,Наёмный труд,0
28,29400,3,1,1,65000,Регион,Наёмный труд,0
27,67700,1,6,0,107000,Москва,Наёмный труд,0
42,34200,20,10,0,125000,Регион,Наёмный труд,0
48,30400,28,9,2,59000,Москва,Наёмный труд,0
37,48700,10,14,0,47000,Санкт-Петербург,Самозанятый,0
50,46200,30,8,1,104000,Регион,ИП,0
49,54800,28,6,1,166000,Москва,Наёмный труд,0
58,38000,35,11,1,103000,Регион,Без работы,0
54,41100,34,4,1,85000,Регион,Наёмный труд,0
37,66900,11,14,1,50000,Санкт-Петербург,ИП,0
61,65100,35,3,3,67000,Регион,Наёмный труд,0
58,63900,34,11,0,167000,Санкт-Петербург,Самозанятый,0
36,49800,12,3,2,47000,Санкт-Петербург,Самозанятый,0
33,52900,13,14,0,286000,Регион,Без работы,0
50,54400,29,9,0,104000,Санкт-Петербург,Наёмный труд,0
43,36500,22,7,2,38000,Москва,ИП,0
54,95200,32,9,0,134000,Регион,ИП,0
63,89300,38,12,1,129000,Регион,ИП,0
64,70100,39,9,1,76000,Регион,Наёмный труд,0
53,40500,26,13,1,173000,Регион,Наёмный труд,0
22,62500,0,9,1,68000,Регион,Наёмный труд,0
56,76100,33,9,1,144000,Регион,Наёмный труд,0
62,28300,41,9,3,97000,Регион,Самозанятый,0
59,105100,37,0,1,83000,Регион,Самозанятый,0
45,22400,21,4,2,221000,Москва,Наёмный труд,1
42,67300,16,13,1,178000,Регион,Без работы,0
63,94300,38,1,0,51000,Регион,Наёмный труд,1
58,46600,34,12,0,124000,Регион,Наёмный труд,0
34,45800,10,10,0,307000,Регион,Наёмный труд,0
23,66200,3,8,3,224000,Санкт-Петербург,Самозанятый,0
48,112800,25,6,1,57000,Санкт-Петербург,ИП,0
41,43200,19,9,0,257000,Регион,Наёмный труд,1
44,34500,21,7,2,172000,Санкт-Петербург,ИП,0
32,40500,12,5,2,53000,Регион,Наёмный труд,0
37,24400,15,8,0,112000,Москва,Наёмный труд,0
52,73400,30,5,1,131000,Регион,Наёмный труд,0
35,38900,14,6,1,52000,Регион,Наёмный труд,0
64,44600,41,6,0,151000,Санкт-Петербург,Самозанятый,0
61,73800,38,8,1,424000,Регион,ИП,0
63,41400,42,10,1,224000,Регион,Наёмный труд,0
21,69000,0,7,0,109000,Москва,Наёмный труд,0
54,30700,30,12,1,83000,Регион,Наёмный труд,0
61,75500,41,0,2,120000,Регион,Наёмный труд,0
53,57200,30,3,1,55000,Москва,Наёмный труд,0
49,47100,28,6,0,74000,Регион,Наёмный труд,0
32,52000,6,10,0,30000,Санкт-Петербург,ИП,0
32,27500,5,7,0,128000,Санкт-Петербург,Наёмный труд,1
37,51500,15,6,1,81000,Регион,Наёмный труд,0
51,46000,26,11,1,143000,Регион,Без работы,1
51,27800,25,2,2,106000,Регион,Наёмный труд,1
54,36200,33,14,0,54000,Москва,Наёмный труд,0
58,46300,33,3,2,111000,Санкт-Петербург,Наёмный труд,0
48,37300,24,11,1,64000,Москва,Наёмный труд,0
48,16600,28,6,1,267000,Регион,Наёмный труд,1
63,79600,38,7,1,60000,Регион,Наёмный труд,0
35,46000,8,6,2,74000,Регион,Самозанятый,0
63,17600,39,5,0,54000,Санкт-Петербург,ИП,0
29,128100,4,8,3,51000,Регион,ИП,0
49,85700,27,8,1,101000,Регион,Наёмный труд,0
44,41900,22,10,1,47000,Регион,Наёмный труд,0
58,33600,31,12,1,88000,Москва,Наёмный труд,1
39,58800,17,6,0,128000,Регион,Наёмный труд,0
24,53700,2,7,1,77000,Регион,Наёмный труд,0
20,62600,0,5,0,26000,Регион,Наёмный труд,0
49,33600,27,0,1,220000,Москва,Наёмный труд,1
22,80300,0,0,0,116000,Регион,Наёмный труд,0
64,39600,42,5,0,117000,Санкт-Петербург,Наёмный труд,0
33,66600,7,1,1,86000,Москва,Наёмный труд,0
49,34200,28,13,2,161000,Регион,Наёмный труд,0
23,161400,1,7,1,173000,Регион,Наёмный труд,0
37,67000,10,0,1,184000,Регион,Наёмный труд,1
56,179500,32,12,0,116000,Санкт-Петербург,Наёмный труд,0
44,71100,17,1,2,43000,Регион,Наёмный труд,0
20,38100,0,7,1,126000,Регион,Наёмный труд,0
34,71200,11,11,2,116000,Санкт-Петербург,Наёмный труд,0
28,73500,4,5,0,71000,Регион,ИП,0
34,58000,14,11,0,61000,Регион,Наёмный труд,0
43,65100,23,9,0,137000,Регион,Наёмный труд,0
23,69100,3,1,0,94000,Москва,Наёмный труд,0
31,31300,10,1,2,78000,Регион,Наёмный труд,0
56,30400,29,10,1,269000,Москва,Наёмный труд,1
56,34300,32,13,2,148000,Москва,Без работы,1
62,51900,35,6,1,128000,Москва,Самозанятый,0
25,44300,0,4,0,205000,Москва,Наёмный труд,1
58,31600,38,4,0,120000,Регион,Наёмный труд,0
43,69500,20,7,0,65000,Регион,Наёмный труд,0
30,55700,9,11,1,78000,Регион,Наёмный труд,1
32,52900,9,11,1,153000,Москва,ИП,1
53,43600,29,6,2,144000,Регион,Наёмный труд,0
44,41300,22,11,0,129000,Регион,Наёмный труд,0
26,33600,3,13,1,50000,Регион,Наёмный труд,0
23,74600,1,8,0,161000,Регион,Наёмный труд,0
27,35700,6,3,0,95000,Москва,Без работы,0
39,53900,16,9,3,141000,Регион,Самозанятый,0
48,103600,25,3,3,60000,Санкт-Петербург,Самозанятый,0
64,42200,39,1,0,321000,Регион,Наёмный труд,0
29,75500,8,2,1,115000,Регион,Наёмный труд,0
62,63300,41,0,0,77000,Регион,ИП,0
53,56400,33,0,0,145000,Регион,Без работы,0
45,59500,21,6,2,165000,Регион,Наёмный труд,0
60,47000,37,13,2,144000,Москва,Без работы,0
22,49800,0,13,0,54000,Регион,Наёмный труд,0
25,38300,2,4,0,196000,Регион,Наёмный труд,0
24,49900,0,2,0,80000,Санкт-Петербург,Наёмный труд,0
24,37700,3,6,1,98000,Санкт-Петербург,Наёмный труд,0
42,77100,15,13,0,26000,Москва,Самозанятый,0
28,22800,7,1,1,75000,Регион,Наёмный труд,0
54,60900,30,2,0,74000,Регион,Без работы,0
39,57000,18,0,1,129000,Санкт-Петербург,Наёмный труд,0
61,54800,39,7,0,72000,Регион,Наёмный труд,0
54,77700,32,1,1,37000,Регион,Самозанятый,0
37,43100,12,14,1,114000,Москва,Наёмный труд,0
36,55000,14,6,0,85000,Регион,Самозанятый,0
43,22600,21,10,2,64000,Санкт-Петербург,Наёмный труд,0
22,40700,0,8,0,104000,Регион,Наёмный труд,0
51,72000,28,5,1,34000,Москва,Наёмный труд,0
54,26800,32,1,2,143000,Москва,Без работы,0
57,52700,30,1,0,88000,Санкт-Петербург,Наёмный труд,1
32,36100,7,8,2,84000,Санкт-Петербург,Наёмный труд,0
44,46600,23,9,1,175000,Регион,Самозанятый,0
28,37100,6,7,1,72000,Москва,Наёмный труд,0
23,28000,0,13,0,115000,Регион,Самозанятый,0
33,58300,9,13,1,91000,Москва,Наёмный труд,0
56,47900,30,13,3,680000,Регион,Наёмный труд,1
53,64600,27,8,0,132000,Регион,Наёмный труд,0
30,70100,4,3,2,50000,Регион,Наёмный труд,0
60,85100,39,3,0,282000,Москва,Наёмный труд,0
22,52100,0,14,1,185000,Регион,Наёмный труд,0
47,86800,25,14,0,101000,Москва,Наёмный труд,0
48,31600,25,1,1,76000,Москва,ИП,0
28,73800,7,13,0,45000,Регион,Наёмный труд,0
22,60300,1,9,1,128000,Регион,Наёмный труд,0
44,54400,18,0,0,66000,Регион,Наёмный труд,0
53,59900,30,9,0,58000,Регион,ИП,0
31,31800,5,12,4,157000,Регион,Наёмный труд,0
61,28600,40,3,0,249000,Регион,Наёмный труд,1
28,105800,6,9,1,74000,Регион,Наёмный труд,0
34,45400,8,9,3,160000,Регион,Наёмный труд,0
59,45100,33,10,1,112000,Регион,Наёмный труд,0
44,29900,17,7,0,122000,Москва,Самозанятый,0
24,25200,0,1,1,60000,Москва,Самозанятый,1
30,47100,9,12,0,87000,Регион,ИП,0
53,42000,31,11,0,51000,Москва,Наёмный труд,0
43,49100,20,10,0,47000,Санкт-Петербург,Наёмный труд,0
34,51000,14,7,1,135000,Регион,Без работы,0
57,150300,34,0,0,72000,Регион,Наёмный труд,0
27,42100,5,14,0,57000,Регион,Без работы,0
24,99800,0,0,0,48000,Москва,Наёмный труд,0
45,102600,19,3,0,40000,Санкт-Петербург,Без работы,0
37,68800,14,6,0,31000,Москва,Без работы,1
25,44100,1,8,1,106000,Регион,ИП,0
56,26600,32,4,2,20000,Регион,Наёмный труд,0
32,60800,10,1,1,131000,Регион,Наёмный труд,0
47,77500,25,11,0,130000,Москва,Без работы,1
24,107600,0,6,1,93000,Регион,Самозанятый,0
32,32000,6,10,0,103000,Регион,Наёмный труд,0
36,43900,16,1,1,83000,Москва,Наёмный труд,0
59,32100,34,8,0,113000,Регион,Самозанятый,0
64,36900,43,8,0,112000,Регион,Наёмный труд,0
51,66100,28,2,0,216000,Регион,Самозанятый,0
48,36100,26,12,0,248000,Регион,Самозанятый,0
22,33800,0,7,2,243000,Регион,Без работы,1
59,70200,34,10,0,61000,Регион,Наёмный труд,0
53,60000,28,3,2,156000,Регион,Наёмный труд,0
59,57400,33,2,3,134000,Регион,Наёмный труд,0
46,36500,22,0,1,67000,Москва,Без работы,1
32,87700,6,4,1,58000,Регион,Наёмный труд,0
64,49300,43,12,2,79000,Регион,Наёмный труд,0
52,143100,32,13,1,52000,Регион,Наёмный труд,0
25,52700,2,10,2,43000,Москва,Наёмный труд,0
43,17200,22,3,1,133000,Санкт-Петербург,Самозанятый,1
38,16800,11,0,0,101000,Санкт-Петербург,ИП,1
35,64900,15,9,0,100000,Санкт-Петербург,ИП,0
59,88000,36,7,0,172000,Санкт-Петербург,Наёмный труд,0
47,34500,26,7,0,88000,Регион,Без работы,1
52,126200,30,12,0,162000,Регион,Наёмный труд,0
60,103600,37,7,2,63000,Регион,Наёмный труд,0
32,53900,11,2,0,63000,Регион,Наёмный труд,0
62,62500,37,5,2,100000,Регион,Наёмный труд,0
64,73300,44,11,1,352000,Регион,Наёмный труд,0
44,114700,23,11,1,213000,Санкт-Петербург,Наёмный труд,0
61,66600,39,6,0,191000,Москва,Наёмный труд,0
55,53300,29,8,1,43000,Регион,Наёмный труд,0
46,66300,23,4,0,108000,Москва,Наёмный труд,0
57,62400,30,8,3,162000,Регион,Самозанятый,0
26,74300,3,5,0,345000,Санкт-Петербург,Наёмный труд,1
24,24200,1,9,1,36000,Регион,Наёмный труд,0
62,56500,40,9,0,153000,Регион,Наёмный труд,0
64,60300,44,9,1,187000,Регион,Самозанятый,0
50,47400,27,3,0,129000,Санкт-Петербург,Наёмный труд,1
42,69800,22,12,0,44000,Санкт-Петербург,Без работы,0
61,116400,40,0,0,115000,Регион,Наёмный труд,0
29,52200,4,0,0,128000,Регион,Наёмный труд,0
51,66900,24,13,0,110000,Регион,Наёмный труд,0
62,101000,37,9,0,65000,Регион,ИП,0
49,52700,29,4,2,61000,Регион,Наёмный труд,0
58,32900,38,12,1,130000,Регион,Наёмный труд,0
50,64700,25,13,0,66000,Регион,Наёмный труд,0
37,18200,14,2,0,67000,Санкт-Петербург,Наёмный труд,0
55,17400,31,4,1,91000,Москва,Самозанятый,0
21,56900,0,4,1,109000,Регион,ИП,0
33,17100,11,0,0,184000,Регион,Наёмный труд,1
32,27100,5,13,1,48000,Регион,Наёмный труд,0
48,41300,22,7,1,45000,Санкт-Петербург,Наёмный труд,1
31,35400,6,4,3,78000,Москва,Наёмный труд,1
58,45900,33,4,1,34000,Регион,Наёмный труд,0
21,80900,0,8,1,140000,Москва,Наёмный труд,0
51,54600,24,7,0,30000,Регион,Наёмный труд,1
32,33600,8,12,0,151000,Санкт-Петербург,Самозанятый,0
46,90200,25,0,0,192000,Регион,Наёмный труд,0
60,25800,37,2,1,115000,Регион,Наёмный труд,0
36,54200,13,11,0,32000,Москва,Наёмный труд,0
59,24500,38,6,0,105000,Санкт-Петербург,Без работы,0
50,54900,29,0,3,61000,Регион,ИП,0
53,42500,26,0,1,48000,Регион,Наёмный труд,0
43,79800,19,4,0,140000,Регион,Наёмный труд,0
64,67800,42,8,0,156000,Регион,Наёмный труд,0
54,37600,33,5,0,214000,Москва,Наёмный труд,1
25,34500,3,9,0,83000,Москва,Наёмный труд,0
38,42500,11,1,1,109000,Регион,Без работы,0
49,114000,23,10,0,268000,Санкт-Петербург,Наёмный труд,0
26,101600,6,8,1,347000,Регион,Наёмный труд,0
29,31700,6,5,1,189000,Регион,ИП,0
60,70300,36,4,1,80000,Москва,Самозанятый,0
51,22500,28,4,1,99000,Регион,Наёмный труд,0
53,40100,29,14,3,89000,Москва,ИП,0
47,32300,20,11,1,151000,Москва,Наёмный труд,0
34,79300,14,2,1,60000,Регион,Наёмный труд,1
49,27400,26,13,0,120000,Регион,Самозанятый,0
56,59500,36,5,1,120000,Москва,Без работы,0
48,49000,21,14,0,124000,Регион,ИП,0
41,45300,17,14,0,53000,Регион,Наёмный труд,0
23,104000,2,12,2,114000,Москва,Самозанятый,0
39,108200,13,3,0,285000,Регион,Наёмный труд,0
51,45900,28,12,0,75000,Регион,Наёмный труд,0
55,42000,35,11,0,115000,Регион,ИП,0
23,24900,0,9,1,33000,Москва,Наёмный труд,0
46,48900,23,13,0,115000,Регион,Без работы,1
36,118100,13,14,2,112000,Регион,Наёмный труд,0
31,46300,8,1,0,106000,Москва,Наёмный труд,0
41,68000,19,12,1,153000,Москва,ИП,0
36,26100,16,2,1,83000,Москва,ИП,0
29,40300,9,8,2,200000,Москва,Наёмный труд,0
20,60400,0,10,3,58000,Санкт-Петербург,Наёмный труд,0
41,51400,14,10,0,235000,Регион,Самозанятый,0
45,71000,18,8,2,112000,Санкт-Петербург,Наёмный труд,0
37,37400,16,5,0,95000,Регион,Наёмный труд,0
33,22300,10,9,1,42000,Регион,Наёмный труд,0
48,81200,26,9,1,51000,Регион,Наёмный труд,0
31,32200,7,13,1,122000,Регион,Без работы,1
55,61600,33,8,0,64000,Москва,Наёмный труд,1
54,60000,27,3,0,179000,Регион,Без работы,0
31,23200,10,10,0,117000,Регион,Наёмный труд,0
26,78600,0,4,1,42000,Москва,Без работы,0
48,38000,21,9,0,156000,Москва,Наёмный труд,0
30,50300,3,5,0,90000,Санкт-Петербург,Наёмный труд,0
52,41700,29,12,0,96000,Санкт-Петербург,Наёмный труд,0
25,101700,0,14,2,185000,Санкт-Петербург,Наёмный труд,1
34,89700,14,8,1,43000,Москва,Наёмный труд,0
51,21700,25,12,1,50000,Санкт-Петербург,Наёмный труд,0
30,135500,5,4,1,120000,Регион,Наёмный труд,0
42,36100,19,7,1,36000,Санкт-Петербург,Наёмный труд,0
45,126300,24,10,1,69000,Регион,Наёмный труд,0
53,43700,33,0,1,178000,Регион,Наёмный труд,1
53,42000,31,4,1,92000,Регион,ИП,0
48,43900,21,9,0,43000,Москва,Наёмный труд,0
23,40900,0,0,2,111000,Регион,Без работы,1
36,152700,12,9,3,77000,Москва,Наёмный труд,0
54,47400,28,13,1,65000,Регион,Без работы,0
32,42800,9,5,0,834000,Регион,Наёмный труд,0
60,50700,38,6,1,139000,Москва,Без работы,0
58,31700,32,11,0,83000,Санкт-Петербург,Наёмный труд,0
34,100600,9,13,2,169000,Москва,ИП,0
48,25300,23,4,0,83000,Москва,Самозанятый,0
48,37200,22,0,0,72000,Санкт-Петербург,Наёмный труд,1
30,74700,9,5,0,118000,Регион,Наёмный труд,0
51,50000,27,9,1,134000,Санкт-Петербург,Самозанятый,0
21,62800,0,4,1,172000,Регион,Наёмный труд,0
33,97700,10,5,1,232000,Регион,Наёмный труд,0
39,77000,12,10,1,201000,Регион,ИП,0
41,52100,21,9,1,165000,Регион,Наёмный труд,0
30,125500,7,14,0,176000,Регион,Самозанятый,0
46,36900,23,6,0,201000,Регион,Наёмный труд,0
22,46900,0,6,0,151000,Регион,Наёмный труд,0
36,48400,12,1,0,38000,Москва,Наёмный труд,0
63,46800,41,14,0,133000,Регион,Наёмный труд,0
47,30300,27,11,0,226000,Регион,Без работы,1
48,24000,22,2,1,61000,Регион,Наёмный труд,0
40,59100,18,11,1,78000,Регион,Наёмный труд,0
35,36900,14,5,2,95000,Москва,Наёмный труд,0
56,115700,33,2,1,111000,Регион,Самозанятый,0
39,47400,15,1,2,71000,Регион,Наёмный труд,0
25,43800,0,3,0,102000,Санкт-Петербург,Наёмный труд,0
38,80200,13,4,0,134000,Регион,Наёмный труд,0
24,58700,4,10,0,30000,Москва,Наёмный труд,1
22,45300,0,9,1,103000,Регион,Наёмный труд,0
20,36700,0,8,0,78000,Регион,Наёмный труд,0
57,254200,35,2,0,35000,Санкт-Петербург,Самозанятый,0
34,57700,9,2,0,138000,Москва,Без работы,0
53,79900,32,5,0,119000,Москва,ИП,0
54,30900,32,4,1,109000,Регион,Наёмный труд,1
44,37800,21,5,1,142000,Регион,Наёмный труд,0
43,126800,18,6,0,120000,Москва,Наёмный труд,0
31,91900,4,10,1,63000,Москва,ИП,0
37,60200,11,2,0,152000,Регион,Наёмный труд,0
34,41300,14,14,1,169000,Регион,Без работы,0
63,44100,38,12,0,51000,Москва,Наёмный труд,1
35,36200,8,4,1,167000,Санкт-Петербург,ИП,0
46,29100,20,7,0,83000,Регион,ИП,0
27,74300,1,3,1,143000,Регион,Наёмный труд,0
44,62500,19,9,0,108000,Регион,ИП,0
36,68300,12,1,2,89000,Регион,Без работы,0
48,42100,23,3,0,136000,Регион,Без работы,0
27,55000,4,1,0,81000,Регион,ИП,0
34,40400,8,2,1,189000,Регион,Наёмный труд,0
46,35300,26,3,3,208000,Санкт-Петербург,Самозанятый,0
26,103800,3,3,0,71000,Москва,ИП,0
22,51800,1,9,3,89000,Санкт-Петербург,Наёмный труд,0
48,61600,26,8,1,79000,Регион,Наёмный труд,0
63,71400,38,9,0,124000,Регион,Наёмный труд,0
43,52100,19,5,1,217000,Санкт-Петербург,Наёмный труд,0
22,54600,2,8,0,36000,Регион,ИП,0
39,30100,15,3,0,42000,Москва,Наёмный труд,0
34,32800,10,8,1,94000,Москва,Наёмный труд,0
44,32000,20,10,1,110000,Санкт-Петербург,Наёмный труд,0
49,64400,24,12,0,56000,Регион,Наёмный труд,1
33,50600,13,8,2,110000,Регион,Наёмный труд,0
26,32800,6,5,1,63000,Регион,Наёмный труд,0
36,63600,10,4,0,76000,Регион,Наёмный труд,1
63,62600,39,2,0,211000,Регион,ИП,0
39,35900,13,13,0,80000,Регион,Наёмный труд,0
55,48400,29,14,3,80000,Москва,Наёмный труд,0
28,62700,6,4,0,107000,Москва,Наёмный труд,0
57,33300,32,14,3,190000,Москва,Наёмный труд,0
41,63200,16,2,1,96000,Регион,Наёмный труд,0
21,56100,0,4,3,71000,Москва,Наёмный труд,0
43,31300,16,4,1,140000,Санкт-Петербург,Наёмный труд,0
27,54100,1,1,0,161000,Регион,Наёмный труд,1
30,57800,5,13,1,196000,Санкт-Петербург,Наёмный труд,0
32,37000,8,13,0,97000,Регион,ИП,0
36,38300,9,8,0,131000,Регион,Наёмный труд,0
27,31100,6,14,1,159000,Москва,Самозанятый,1
40,40100,16,6,1,110000,Москва,Самозанятый,0
37,48800,17,13,0,218000,Москва,ИП,0
49,38400,24,5,0,146000,Москва,Наёмный труд,0
37,25100,10,4,0,306000,Регион,Самозанятый,1
50,36000,25,14,2,171000,Регион,Наёмный труд,0
57,40600,34,3,0,31000,Санкт-Петербург,Наёмный труд,0
51,70800,25,7,1,78000,Санкт-Петербург,Наёмный труд,0
30,64100,9,1,2,37000,Регион,Без работы,0
64,71400,39,7,0,67000,Москва,Наёмный труд,0
44,35200,21,0,1,79000,Москва,Без работы,1
52,52200,29,9,0,166000,Регион,Наёмный труд,0
57,16500,36,0,0,76000,Регион,Без работы,1
60,59500,36,2,1,228000,Регион,Без работы,0
27,64500,3,4,0,66000,Регион,Без работы,0
30,41800,6,13,1,83000,Москва,Наёмный труд,0
41,56000,19,5,1,47000,Регион,Самозанятый,0
43,24800,17,3,2,235000,Москва,Без работы,1
60,34200,33,6,0,254000,Регион,Наёмный труд,1
36,69200,10,6,0,91000,Регион,Наёмный труд,0
31,61700,7,1,0,41000,Санкт-Петербург,ИП,0
51,40700,30,1,0,87000,Москва,Наёмный труд,0
34,70600,12,1,2,113000,Санкт-Петербург,ИП,1
35,52200,9,14,1,67000,Москва,Наёмный труд,0
41,39100,17,13,1,405000,Санкт-Петербург,Наёмный труд,0
47,45100,25,14,0,295000,Регион,Наёмный труд,1
39,39900,12,1,1,35000,Регион,Наёмный труд,1
52,28800,31,12,2,49000,Санкт-Петербург,Наёмный труд,0
29,86300,5,8,0,130000,Москва,Самозанятый,0
59,38000,32,13,2,52000,Москва,Наёмный труд,0
51,33700,31,4,0,110000,Москва,Самозанятый,0
52,24600,25,10,1,99000,Москва,Самозанятый,1
21,15000,0,7,1,96000,Регион,Наёмный труд,0
52,67200,31,4,0,182000,Москва,Наёмный труд,0
52,70100,25,12,0,292000,Регион,Наёмный труд,0
60,83900,33,10,4,125000,Регион,Наёмный труд,0
32,45800,9,4,0,48000,Регион,Наёмный труд,0
49,42400,26,0,0,108000,Санкт-Петербург,Наёмный труд,0
52,39000,25,5,0,70000,Регион,Без работы,0
32,40600,5,3,2,326000,Регион,Наёмный труд,1
45,81100,24,14,2,150000,Санкт-Петербург,Наёмный труд,0
41,48400,18,2,0,126000,Санкт-Петербург,Без работы,0
58,58100,32,5,1,146000,Регион,Самозанятый,0
21,40200,0,1,1,96000,Санкт-Петербург,Самозанятый,1
57,88800,37,7,0,209000,Регион,Самозанятый,0
58,20800,37,0,2,70000,Санкт-Петербург,Наёмный труд,0
45,28300,21,11,1,176000,Москва,Самозанятый,1
34,58200,10,8,0,257000,Москва,Без работы,1
53,107800,31,7,1,61000,Москва,Наёмный труд,0
61,44300,38,0,1,121000,Регион,Наёмный труд,0
63,33600,36,9,0,127000,Регион,Наёмный труд,0
59,76900,34,11,1,52000,Регион,Наёмный труд,0
30,56700,7,14,2,43000,Регион,Наёмный труд,0
22,87600,0,8,1,57000,Москва,Наёмный труд,0
25,27400,4,1,2,96000,Регион,Наёмный труд,0
28,84600,3,2,2,127000,Регион,Наёмный труд,0
25,24400,0,1,1,79000,Регион,Наёмный труд,0
28,43100,1,12,0,314000,Регион,Самозанятый,0
58,59000,31,13,1,183000,Регион,Наёмный труд,0
50,53300,27,7,0,130000,Москва,Наёмный труд,0
51,79000,26,1,0,76000,Регион,Наёмный труд,0
60,21500,35,9,1,103000,Санкт-Петербург,Наёмный труд,0
31,52200,7,1,1,191000,Регион,Наёмный труд,0
27,84100,7,14,1,171000,Москва,Наёмный труд,0
27,50300,0,0,1,170000,Регион,Самозанятый,1
47,29300,26,6,4,82000,Регион,Наёмный труд,0
39,77100,16,11,1,72000,Регион,Наёмный труд,0
26,36600,0,1,2,42000,Регион,Наёмный труд,0
30,33800,6,9,1,136000,Регион,Наёмный труд,1
39,32000,13,4,2,40000,Регион,Самозанятый,0
35,44800,8,4,0,98000,Москва,Наёмный труд,1
23,53200,0,2,2,77000,Регион,Самозанятый,0
25,27700,3,2,1,113000,Регион,Наёмный труд,0
41,30400,16,12,2,199000,Регион,ИП,0
45,35900,20,11,0,222000,Регион,Самозанятый,0
22,31900,0,2,1,150000,Москва,Самозанятый,1
60,49800,40,5,3,62000,Москва,Без работы,0
61,57700,41,13,2,97000,Регион,Наёмный труд,0
33,54200,10,3,0,58000,Регион,Без работы,0
30,54300,7,12,0,67000,Регион,Наёмный труд,0
37,104000,13,2,1,132000,Регион,Самозанятый,0
31,59300,5,1,0,55000,Регион,Наёмный труд,1
42,69800,19,12,1,75000,Регион,ИП,0
31,40700,5,2,2,52000,Регион,Самозанятый,1
32,75000,5,3,1,147000,Москва,Наёмный труд,0
44,39800,17,5,1,80000,Регион,ИП,0
64,59000,42,3,0,26000,Регион,Самозанятый,0
38,26400,12,7,2,263000,Регион,Наёмный труд,1
55,52800,31,2,2,181000,Санкт-Петербург,Наёмный труд,1
64,31600,37,11,1,29000,Москва,Наёмный труд,0
27,74700,2,2,0,153000,Регион,Наёмный труд,1
48,72700,23,2,0,246000,Санкт-Петербург,Наёмный труд,0
51,39700,24,7,1,88000,Санкт-Петербург,Наёмный труд,0
63,123300,36,3,1,108000,Санкт-Петербург,Наёмный труд,0
37,43100,10,0,0,82000,Регион,Наёмный труд,0
25,23700,0,1,0,135000,Регион,Наёмный труд,1
37,34500,12,12,2,183000,Регион,ИП,0
38,30600,13,13,1,48000,Санкт-Петербург,Наёмный труд,0
41,58200,20,9,1,65000,Регион,ИП,0
56,28100,29,12,1,105000,Регион,Наёмный труд,0
51,38500,29,12,1,119000,Санкт-Петербург,Наёмный труд,0
60,56500,33,13,2,126000,Москва,Наёмный труд,0
22,52200,0,1,0,88000,Регион,Самозанятый,1
47,48700,23,13,0,58000,Регион,ИП,0
29,51900,4,2,1,178000,Регион,Самозанятый,0
54,41500,27,5,0,47000,Москва,Наёмный труд,0
48,23800,28,7,0,73000,Регион,ИП,0
34,41000,10,11,1,100000,Регион,Наёмный труд,0
52,60500,25,0,1,132000,Регион,Самозанятый,0
26,46100,4,8,0,83000,Регион,Наёмный труд,0
31,58500,8,0,0,155000,Регион,Наёмный труд,0
49,37600,22,9,0,209000,Регион,Наёмный труд,0
40,76700,18,1,1,68000,Москва,ИП,0
50,15500,25,2,1,125000,Регион,Наёмный труд,0
43,52200,18,6,2,114000,Москва,Наёмный труд,1
39,89900,18,8,1,80000,Регион,Наёмный труд,0
56,96200,30,2,1,31000,Санкт-Петербург,Без работы,0
23,44200,0,7,0,122000,Регион,Наёмный труд,1
47,27000,21,14,3,130000,Москва,Самозанятый,1
63,90700,36,8,0,190000,Регион,Без работы,1
39,47900,13,9,1,81000,Москва,Без работы,0
43,45600,19,6,0,66000,Регион,Самозанятый,0
51,32800,27,3,1,57000,Регион,Самозанятый,0
60,27900,33,3,2,16000,Регион,Наёмный труд,0
55,63200,30,3,0,77000,Москва,Наёмный труд,0
53,66300,29,5,1,519000,Регион,Наёмный труд,0
55,53700,35,3,1,212000,Москва,Наёмный труд,0
21,34800,1,4,0,54000,Регион,Наёмный труд,0
34,30400,11,8,1,72000,Регион,ИП,0
53,25700,29,11,1,72000,Регион,Наёмный труд,0
55,38100,34,6,1,228000,Москва,Самозанятый,1
25,31200,2,7,0,375000,Санкт-Петербург,Наёмный труд,1
58,22700,33,4,0,104000,Регион,Наёмный труд,0
61,65700,37,4,1,116000,Москва,Наёмный труд,1
31,27100,11,12,1,135000,Регион,Наёмный труд,0
22,76300,1,10,2,98000,Регион,Без работы,0
64,58500,37,6,0,117000,Регион,Наёмный труд,0
37,56000,14,10,1,102000,Регион,Наёмный труд,0
59,103700,38,12,0,132000,Санкт-Петербург,ИП,0
40,27500,16,13,1,30000,Регион,Наёмный труд,0
34,72600,12,11,2,74000,Регион,Наёмный труд,0
52,42900,31,7,1,49000,Санкт-Петербург,Наёмный труд,0
54,155900,33,8,1,149000,Санкт-Петербург,Наёмный труд,0
45,41300,20,14,2,62000,Регион,Наёмный труд,1
27,38400,7,13,1,39000,Москва,Самозанятый,0
55,59400,28,1,0,34000,Регион,Наёмный труд,0
49,44600,25,2,1,129000,Москва,Наёмный труд,0
42,34800,21,11,1,57000,Москва,Наёмный труд,0
61,31700,37,11,1,91000,Санкт-Петербург,Наёмный труд,0
63,94500,43,1,1,255000,Москва,Без работы,0
33,29000,8,9,1,124000,Регион,Наёмный труд,0
33,54200,9,6,1,73000,Санкт-Петербург,Без работы,0
21,78800,0,11,0,49000,Регион,Наёмный труд,0
56,80600,36,1,0,128000,Регион,Самозанятый,0
24,37400,4,11,1,91000,Регион,Наёмный труд,0
57,44700,30,13,2,140000,Москва,Наёмный труд,0
64,40900,41,14,1,24000,Регион,Наёмный труд,1
60,24600,35,1,0,195000,Санкт-Петербург,Наёмный труд,0
33,62400,8,13,1,35000,Регион,Наёмный труд,0
58,49900,31,13,0,74000,Регион,Наёмный труд,0
44,93700,18,1,1,227000,Санкт-Петербург,Самозанятый,0
39,33800,15,14,0,26000,Регион,Наёмный труд,0
21,80000,0,11,3,94000,Санкт-Петербург,Наёмный труд,0
58,82600,32,12,2,84000,Регион,Самозанятый,0
25,50100,2,3,2,97000,Москва,Наёмный труд,0
36,18500,11,0,1,122000,Регион,Самозанятый,0
44,38900,24,1,1,100000,Регион,Наёмный труд,0
47,109500,22,2,1,44000,Санкт-Петербург,Наёмный труд,0
21,56000,0,6,1,105000,Регион,Наёмный труд,0
54,67000,32,9,1,98000,Регион,Без работы,0
56,47100,35,0,3,95000,Регион,Самозанятый,1
24,44300,3,5,0,345000,Регион,Без работы,1
20,21200,0,2,1,220000,Регион,Наёмный труд,1
59,70100,34,2,0,295000,Москва,Самозанятый,0
31,79700,6,3,1,121000,Регион,Наёмный труд,0
55,32000,32,12,0,288000,Регион,Наёмный труд,0
64,45200,39,3,1,59000,Регион,Самозанятый,0
42,42600,20,6,0,80000,Регион,Наёмный труд,0
50,59200,25,2,0,70000,Москва,Наёмный труд,1
30,38400,6,7,3,73000,Санкт-Петербург,Наёмный труд,0
29,74500,3,7,3,101000,Москва,Самозанятый,0
22,50600,0,10,0,112000,Москва,Наёмный труд,0
33,15600,11,12,1,128000,Санкт-Петербург,Наёмный труд,0
35,59800,12,6,0,281000,Регион,Без работы,0
29,76800,5,1,3,40000,Санкт-Петербург,Наёмный труд,0
48,29200,24,4,0,48000,Регион,Наёмный труд,0
29,58900,3,5,0,23000,Москва,Наёмный труд,0
31,111700,10,11,0,60000,Регион,Самозанятый,0
49,51600,27,9,1,76000,Регион,Наёмный труд,0
60,81900,34,3,0,65000,Санкт-Петербург,Наёмный труд,0
20,40200,0,12,1,50000,Регион,Наёмный труд,0
24,48600,1,9,2,104000,Регион,Наёмный труд,0
39,44700,13,4,2,78000,Регион,Наёмный труд,0
27,41200,6,13,1,58000,Санкт-Петербург,Наёмный труд,0
62,45900,38,8,2,108000,Регион,Наёмный труд,0
31,23500,5,10,0,70000,Регион,Без работы,0
20,42200,0,6,1,198000,Москва,ИП,0
39,89500,18,1,1,89000,Регион,Без работы,0
47,31800,25,10,1,80000,Санкт-Петербург,ИП,0
62,30300,40,0,0,115000,Санкт-Петербург,Наёмный труд,0
56,50400,34,1,0,30000,Регион,Наёмный труд,0
56,51500,30,2,2,204000,Регион,Без работы,0
31,58100,10,10,1,158000,Санкт-Петербург,Наёмный труд,1
56,46600,30,1,0,61000,Регион,Без работы,0
63,50600,37,10,1,50000,Москва,Наёмный труд,0
47,41900,21,2,0,54000,Москва,Наёмный труд,0
34,27600,10,9,0,42000,Регион,Наёмный труд,0
25,47500,0,14,0,36000,Регион,Наёмный труд,0
63,67900,43,10,0,42000,Санкт-Петербург,Наёмный труд,0
39,61800,15,10,5,20000,Москва,Наёмный труд,0
33,22400,12,14,0,79000,Регион,Наёмный труд,0
21,54900,1,11,1,91000,Регион,Наёмный труд,0
28,32800,8,13,0,213000,Регион,Наёмный труд,0
56,91700,36,11,0,178000,Москва,ИП,0
39,56800,14,8,1,64000,Регион,Наёмный труд,0
45,73400,19,3,0,85000,Регион,Наёмный труд,0
48,49500,21,11,1,191000,Регион,Наёмный труд,0
20,47600,0,8,2,75000,Регион,Самозанятый,0
54,96100,33,10,0,109000,Регион,Наёмный труд,0
25,75900,0,2,1,69000,Москва,Без работы,0
56,51700,31,11,2,101000,Санкт-Петербург,Наёмный труд,0
24,44800,0,0,1,104000,Москва,Наёмный труд,0
52,22700,29,10,0,80000,Москва,Наёмный труд,0
33,56700,13,4,1,187000,Регион,Наёмный труд,0
31,46300,5,9,0,59000,Регион,Наёмный труд,0
61,62900,38,9,0,106000,Москва,ИП,0
39,72100,12,13,0,288000,Регион,Наёмный труд,0
43,85400,16,1,0,119000,Регион,ИП,0
62,57000,39,3,0,61000,Санкт-Петербург,Самозанятый,0
53,30600,28,1,1,122000,Регион,ИП,0
44,18600,23,1,2,425000,Регион,Наёмный труд,1
48,33800,26,12,0,101000,Москва,Без работы,0
58,89300,32,2,0,159000,Москва,Наёмный труд,0
50,111400,23,4,2,99000,Москва,Наёмный труд,0
62,44000,35,3,0,116000,Санкт-Петербург,Самозанятый,0
42,25400,19,1,3,94000,Санкт-Петербург,Наёмный труд,1
63,36600,37,14,0,54000,Регион,ИП,0
57,81800,34,10,2,124000,Регион,Наёмный труд,0
39,37600,19,13,1,47000,Регион,Наёмный труд,0
42,63900,16,13,1,82000,Санкт-Петербург,Наёмный труд,0
64,52900,44,9,0,311000,Санкт-Петербург,Наёмный труд,0
35,67500,8,1,1,95000,Регион,Наёмный труд,0
61,111100,36,13,1,57000,Регион,Наёмный труд,0
27,63900,7,5,1,114000,Москва,ИП,0
40,52400,14,6,0,71000,Санкт-Петербург,ИП,0
20,116700,0,11,3,105000,Регион,Самозанятый,0
27,57400,1,9,0,49000,Москва,Самозанятый,0
48,34300,25,5,3,158000,Санкт-Петербург,Наёмный труд,1
51,66800,31,6,0,106000,Регион,Самозанятый,0
57,60000,36,0,2,54000,Москва,Наёмный труд,0
24,42700,0,5,0,122000,Москва,Наёмный труд,0
41,38800,16,10,0,315000,Регион,ИП,0
53,42900,31,2,1,61000,Регион,Наёмный труд,0
20,38600,0,0,2,156000,Регион,Самозанятый,0
45,43500,22,7,0,127000,Регион,Наёмный труд,0
62,33500,41,3,1,126000,Москва,Наёмный труд,0
29,58300,7,9,0,169000,Москва,Наёмный труд,0
49,56400,22,7,3,84000,Регион,Наёмный труд,0
37,57300,15,9,0,108000,Регион,Самозанятый,0
36,47700,11,13,0,105000,Санкт-Петербург,Без работы,0
45,45300,20,10,0,59000,Москва,Наёмный труд,0
27,93800,3,3,1,130000,Санкт-Петербург,Наёмный труд,0
59,50500,32,3,1,79000,Регион,Наёмный труд,0
31,86600,8,11,0,296000,Москва,Самозанятый,0
46,31300,26,13,1,73000,Регион,Наёмный труд,0
27,63900,2,9,0,45000,Москва,Без работы,0
44,35200,23,3,0,193000,Регион,ИП,0
23,38200,2,5,0,63000,Регион,Самозанятый,1
52,40700,31,13,1,48000,Регион,Наёмный труд,0
20,39600,0,8,2,125000,Регион,ИП,1
38,39700,11,4,0,220000,Регион,Наёмный труд,0
50,84800,23,11,1,154000,Москва,Самозанятый,0
35,50000,10,12,1,70000,Санкт-Петербург,Самозанятый,1
33,54200,8,9,0,107000,Регион,Наёмный труд,0
24,39900,3,13,3,83000,Регион,Наёмный труд,0
60,72100,33,14,2,267000,Регион,Без работы,1
45,57500,18,7,1,76000,Регион,Без работы,1
47,42700,22,7,0,105000,Регион,ИП,0
21,24000,0,3,3,109000,Регион,Наёмный труд,1
25,54000,5,14,0,49000,Регион,Наёмный труд,1
28,63500,8,10,0,88000,Регион,Самозанятый,1
52,31600,28,9,1,89000,Регион,Наёмный труд,0
60,42900,33,8,1,226000,Регион,Наёмный труд,1
44,62400,21,8,0,111000,Регион,Наёмный труд,1
32,24200,12,4,0,79000,Регион,Наёмный труд,0
28,36600,4,5,1,90000,Регион,Наёмный труд,0
32,58100,10,4,1,95000,Регион,Наёмный труд,0
50,80600,27,2,1,96000,Москва,Наёмный труд,0
60,131100,33,10,0,172000,Регион,ИП,0
30,118300,10,7,0,178000,Москва,Без работы,0
23,52300,0,8,0,54000,Санкт-Петербург,Наёмный труд,0
53,39400,31,14,0,187000,Москва,Наёмный труд,1
57,74300,33,3,0,155000,Москва,Наёмный труд,0
23,38400,3,8,0,96000,Регион,Самозанятый,1
57,34800,30,8,0,41000,Регион,Самозанятый,0
38,42700,18,6,1,112000,Регион,ИП,0
25,40400,0,7,0,80000,Санкт-Петербург,Самозанятый,0
53,59000,31,14,1,138000,Санкт-Петербург,Наёмный труд,1
37,37400,17,2,1,146000,Санкт-Петербург,Наёмный труд,0
32,50900,11,14,1,218000,Регион,Наёмный труд,0
60,100500,34,4,1,52000,Регион,Самозанятый,0
42,51800,17,2,1,356000,Регион,Наёмный труд,0
38,97000,13,6,0,169000,Санкт-Петербург,Без работы,0
64,84200,44,5,1,152000,Регион,Самозанятый,0
30,64000,4,10,1,312000,Москва,ИП,0
20,41800,0,2,1,119000,Регион,Наёмный труд,1
43,78300,20,8,0,184000,Регион,Наёмный труд,0
26,43800,4,11,0,109000,Москва,Самозанятый,0
44,49000,21,0,3,163000,Санкт-Петербург,Наёмный труд,0
40,56900,16,9,1,198000,Москва,Наёмный труд,0
34,48900,11,2,0,186000,Регион,Без работы,1
20,35500,0,14,1,40000,Регион,Самозанятый,0
31,24700,10,14,0,77000,Регион,Наёмный труд,1
26,75500,1,14,0,199000,Регион,Самозанятый,0
34,63400,8,10,2,133000,Регион,Наёмный труд,0
40,22600,15,14,1,96000,Регион,Наёмный труд,0
38,35000,11,9,1,134000,Регион,Наёмный труд,1
48,53100,27,10,0,51000,Москва,ИП,0
44,59800,19,6,0,158000,Санкт-Петербург,Наёмный труд,0
52,24800,29,2,1,123000,Регион,Наёмный труд,1
51,47100,24,13,0,104000,Регион,Наёмный труд,0
54,62500,27,2,0,89000,Регион,Без работы,0
63,41800,39,1,3,113000,Регион,ИП,0
57,55000,30,8,0,84000,Москва,Наёмный труд,0
45,39400,18,10,0,81000,Москва,Наёмный труд,1
30,73800,10,3,0,289000,Регион,Наёмный труд,0
54,34200,33,9,0,38000,Регион,Наёмный труд,0
27,29300,4,12,1,39000,Москва,Самозанятый,0
33,49700,7,5,0,158000,Регион,Наёмный труд,0
29,25700,6,1,0,47000,Москва,Без работы,0
21,19000,0,8,1,30000,Регион,Наёмный труд,1
28,79800,8,14,1,181000,Регион,Наёмный труд,0
22,31500,0,6,0,210000,Москва,Наёмный труд,1
40,26900,15,9,0,45000,Санкт-Петербург,Наёмный труд,0
45,34000,20,4,0,34000,Москва,Без работы,0
27,33300,1,6,4,48000,Регион,ИП,0
21,46000,0,13,0,65000,Регион,Наёмный труд,0
25,30000,1,3,1,311000,Москва,Наёмный труд,1
47,61300,21,12,1,76000,Регион,Наёмный труд,1
48,65600,26,9,0,163000,Санкт-Петербург,Наёмный труд,1
45,27600,20,12,1,152000,Санкт-Петербург,ИП,0
44,37100,20,14,0,218000,Москва,ИП,0
31,38700,5,6,0,68000,Москва,Наёмный труд,0
24,45500,0,1,0,98000,Регион,Наёмный труд,0
53,79800,30,6,2,87000,Санкт-Петербург,Наёмный труд,0
56,81900,35,14,0,136000,Регион,Без работы,1
34,150900,11,3,1,205000,Регион,Наёмный труд,0
63,17700,43,3,0,365000,Регион,Наёмный труд,0
55,32300,28,0,0,78000,Санкт-Петербург,Наёмный труд,0
34,110900,9,11,1,107000,Регион,Наёмный труд,0
62,21800,38,2,0,166000,Регион,Наёмный труд,0
42,109800,16,4,1,142000,Москва,Самозанятый,0
25,52400,0,4,1,276000,Регион,Без работы,0
63,53300,42,1,0,93000,Регион,Наёмный труд,0
62,27600,36,3,0,78000,Регион,Наёмный труд,0
64,40000,39,0,0,225000,Регион,ИП,0
40,107600,16,14,2,118000,Регион,ИП,0
42,48000,18,8,0,137000,Регион,Наёмный труд,0
62,40100,39,0,0,95000,Москва,Самозанятый,0
35,58800,14,5,1,172000,Москва,Самозанятый,0
34,45000,13,6,0,59000,Регион,Наёмный труд,1
44,57300,19,2,3,75000,Санкт-Петербург,Наёмный труд,0
55,33400,31,11,0,20000,Регион,ИП,1
30,47300,3,14,0,68000,Регион,ИП,0
34,36700,13,0,2,173000,Регион,Наёмный труд,0
23,21800,2,6,0,102000,Регион,Наёмный труд,0
40,60900,14,2,0,57000,Регион,Наёмный труд,0
32,28100,7,12,0,233000,Санкт-Петербург,ИП,0
41,45500,18,9,1,107000,Москва,Наёмный труд,0
38,74400,12,11,0,273000,Регион,Наёмный труд,0
53,25000,27,11,1,165000,Регион,Самозанятый,1
33,64400,11,5,1,111000,Регион,Наёмный труд,1
23,42800,3,12,2,297000,Санкт-Петербург,ИП,1
46,31700,24,11,2,79000,Москва,Наёмный труд,1
48,121800,27,13,2,51000,Регион,Наёмный труд,0
47,49000,23,5,0,258000,Регион,Наёмный труд,0
54,38000,34,13,0,142000,Санкт-Петербург,Без работы,0
27,34500,7,11,1,228000,Регион,Самозанятый,1
35,72900,11,3,1,168000,Регион,Наёмный труд,0
61,37200,41,11,0,265000,Регион,Без работы,0
55,68900,31,10,0,73000,Регион,Самозанятый,0
49,49000,29,5,1,88000,Москва,Наёмный труд,0
37,81000,11,10,1,88000,Регион,Наёмный труд,0
21,30700,0,9,0,88000,Москва,Наёмный труд,0
32,32700,7,3,1,39000,Санкт-Петербург,Наёмный труд,0
23,43200,0,14,0,109000,Регион,Наёмный труд,0
45,44800,23,12,1,159000,Москва,Наёмный труд,0
44,41800,18,7,2,66000,Регион,Наёмный труд,1
49,160200,29,8,1,57000,Санкт-Петербург,Наёмный труд,0
30,124100,7,1,3,91000,Регион,Наёмный труд,0
26,56100,2,6,0,158000,Москва,Наёмный труд,0
50,59100,24,8,0,52000,Регион,Наёмный труд,0
63,44100,43,8,1,401000,Регион,Наёмный труд,0
29,30600,4,11,1,45000,Регион,Без работы,0
58,45200,33,4,0,70000,Регион,Наёмный труд,0
32,69400,8,0,0,195000,Санкт-Петербург,Наёмный труд,1
50,88200,27,5,0,176000,Москва,Наёмный труд,0
26,76700,6,14,0,167000,Регион,Наёмный труд,0
61,24800,41,7,0,65000,Регион,ИП,0
61,43000,38,0,1,73000,Москва,Наёмный труд,0
55,25300,32,1,0,59000,Москва,Наёмный труд,0
39,82900,16,12,1,81000,Регион,Наёмный труд,1
23,40700,0,12,1,124000,Регион,Наёмный труд,1
26,48000,2,0,2,59000,Регион,Наёмный труд,1
20,60800,0,4,1,35000,Москва,Наёмный труд,0
63,170200,36,1,1,199000,Санкт-Петербург,Наёмный труд,0
64,55300,41,14,0,89000,Москва,Самозанятый,0
61,44000,37,9,2,155000,Регион,Наёмный труд,0
32,28000,10,9,0,82000,Регион,Наёмный труд,0
41,94500,21,13,0,137000,Регион,Наёмный труд,1
40,45200,20,3,0,399000,Регион,Без работы,1
41,103300,14,0,0,50000,Москва,Наёмный труд,0
47,80600,20,6,0,62000,Санкт-Петербург,Наёмный труд,0
28,39800,7,7,0,58000,Регион,Наёмный труд,0
45,26200,23,4,0,349000,Москва,Наёмный труд,1
28,55400,2,1,1,98000,Санкт-Петербург,Наёмный труд,0
34,37200,7,7,0,168000,Регион,Без работы,0
29,49900,6,0,0,20000,Регион,Наёмный труд,0
43,78600,20,14,3,124000,Регион,Самозанятый,0
61,23300,35,6,1,80000,Санкт-Петербург,Наёмный труд,0
27,55200,2,0,0,227000,Регион,Самозанятый,0
43,69000,21,11,2,147000,Регион,Наёмный труд,0
35,70500,12,5,2,77000,Регион,Наёмный труд,0
45,26500,18,12,0,255000,Регион,Без работы,1
46,59200,25,5,0,269000,Регион,Наёмный труд,0
56,84300,32,14,1,244000,Москва,Без работы,0
23,57200,3,4,1,156000,Регион,Наёмный труд,0
43,46500,21,14,0,84000,Регион,Без работы,0
38,81900,18,1,0,113000,Москва,Наёмный труд,0
55,35900,31,1,0,77000,Москва,ИП,0
58,24600,36,8,1,113000,Регион,Наёмный труд,0
29,44800,2,4,0,69000,Санкт-Петербург,Наёмный труд,0
44,62400,20,4,0,89000,Регион,ИП,0
37,78200,14,6,0,357000,Регион,Самозанятый,0
38,62200,12,5,0,119000,Москва,Наёмный труд,0
55,71400,32,1,0,76000,Регион,Наёмный труд,0
29,78500,2,10,1,51000,Москва,Наёмный труд,0
52,42100,26,0,0,93000,Регион,Наёмный труд,0
24,45900,1,4,1,154000,Регион,Наёмный труд,0
54,87500,30,3,0,107000,Регион,Самозанятый,0
63,28400,39,11,1,96000,Регион,Наёмный труд,1
53,59500,29,2,1,127000,Регион,Наёмный труд,0
52,35500,32,1,2,125000,Регион,Без работы,1
40,80400,13,9,0,151000,Регион,Наёмный труд,0
36,48600,12,1,0,153000,Регион,Наёмный труд,0
41,49200,18,13,0,94000,Регион,ИП,0
56,106700,35,14,2,91000,Москва,ИП,0
34,30200,7,3,1,99000,Регион,ИП,0
54,54000,30,1,1,138000,Регион,ИП,0
47,45200,26,3,1,193000,Москва,Наёмный труд,0
26,62300,0,2,1,81000,Регион,Наёмный труд,0
51,116800,28,8,1,89000,Москва,Самозанятый,0
30,37300,6,6,0,61000,Регион,Наёмный труд,0
29,28600,9,13,2,40000,Санкт-Петербург,Наёмный труд,1
28,34100,8,12,2,47000,Регион,Самозанятый,0
33,44100,7,10,1,54000,Регион,ИП,0
32,50500,11,14,1,66000,Регион,Наёмный труд,0
44,51600,19,11,0,130000,Москва,Без работы,0
21,110300,1,2,3,52000,Санкт-Петербург,ИП,0
54,101800,27,12,1,100000,Москва,Без работы,0
26,88100,6,14,1,163000,Регион,Без работы,0
40,152000,20,13,1,60000,Санкт-Петербург,Наёмный труд,0
37,71000,14,7,1,73000,Регион,ИП,0
22,80700,2,8,3,45000,Регион,ИП,0
61,70400,39,12,1,56000,Регион,Самозанятый,0
58,65400,34,6,2,225000,Москва,Самозанятый,1
60,58500,34,5,0,134000,Регион,Наёмный труд,0
30,41000,10,3,1,359000,Москва,Наёмный труд,0
58,28000,33,4,1,63000,Регион,Наёмный труд,0
43,46200,16,7,1,244000,Регион,Самозанятый,0
38,63200,13,2,1,64000,Москва,Самозанятый,0
23,50600,3,1,0,73000,Москва,Наёмный труд,0
45,30400,25,2,0,506000,Регион,Наёмный труд,1
57,45500,35,11,0,60000,Регион,Самозанятый,0
61,44400,41,6,1,256000,Регион,Наёмный труд,0
51,47700,31,7,2,97000,Санкт-Петербург,Наёмный труд,0
58,61100,34,0,3,52000,Регион,Наёмный труд,0
64,67400,39,12,0,42000,Регион,Без работы,0
55,39100,33,6,0,105000,Регион,Самозанятый,0
59,76200,34,8,1,50000,Регион,Наёмный труд,0
56,81600,34,11,2,83000,Регион,Наёмный труд,0
52,56600,27,12,1,31000,Москва,Наёмный труд,0
55,66100,35,13,0,122000,Регион,Самозанятый,0
22,76300,0,13,1,39000,Москва,ИП,0
28,29900,3,14,1,95000,Санкт-Петербург,Наёмный труд,1
27,78800,5,2,0,43000,Регион,Наёмный труд,0
52,34400,26,14,2,206000,Регион,Без работы,0
25,35900,4,2,0,28000,Москва,Наёмный труд,0
60,53500,38,7,1,83000,Регион,Наёмный труд,0
58,18700,36,3,1,138000,Регион,Самозанятый,1
23,53100,1,13,2,122000,Москва,Без работы,1
32,76300,9,7,1,47000,Регион,ИП,1
21,23400,0,4,1,35000,Регион,Наёмный труд,1
24,80000,1,13,2,158000,Москва,Наёмный труд,0
63,35800,40,2,1,92000,Регион,Наёмный труд,0
46,53800,24,14,1,52000,Регион,Наёмный труд,0
51,38200,30,3,0,161000,Регион,Наёмный труд,0
40,63400,18,13,0,70000,Москва,Наёмный труд,0
27,77700,7,3,0,67000,Регион,Самозанятый,1
57,65600,36,7,0,59000,Москва,Наёмный труд,0
27,48900,4,5,0,63000,Регион,Наёмный труд,0
22,39600,0,6,0,61000,Москва,Наёмный труд,0
63,47500,38,8,1,120000,Регион,Наёмный труд,0
22,65900,0,14,0,250000,Регион,Наёмный труд,1
41,66900,15,5,0,43000,Москва,Самозанятый,0
25,62800,0,2,0,80000,Москва,Наёмный труд,0
21,27500,0,14,0,89000,Санкт-Петербург,ИП,0
42,48500,16,12,3,130000,Москва,Наёмный труд,0
63,36900,42,2,0,179000,Регион,Наёмный труд,0
21,66100,0,10,0,90000,Регион,Наёмный труд,0
57,34700,36,2,0,67000,Регион,Наёмный труд,0
36,60100,15,11,1,140000,Регион,Самозанятый,0
54,43200,29,9,1,37000,Регион,Самозанятый,0
53,21000,31,1,0,27000,Москва,Наёмный труд,0
42,74500,22,0,3,467000,Санкт-Петербург,Наёмный труд,0
49,48500,25,10,3,61000,Регион,Наёмный труд,0
27,87000,4,9,1,77000,Регион,Без работы,0
41,23200,20,0,0,137000,Регион,Наёмный труд,1
63,43000,39,3,2,122000,Регион,ИП,0
55,44500,34,2,0,168000,Регион,Наёмный труд,0
24,55400,0,4,1,173000,Москва,Наёмный труд,0
32,27000,7,11,1,42000,Санкт-Петербург,Наёмный труд,1
48,62600,28,8,1,211000,Регион,Наёмный труд,0
50,115900,25,11,1,134000,Регион,Наёмный труд,0
35,60700,11,12,1,124000,Санкт-Петербург,Наёмный труд,0
61,51100,38,7,0,127000,Регион,Наёмный труд,0
49,26400,28,11,0,26000,Регион,Наёмный труд,0
35,34600,15,8,0,87000,Регион,Наёмный труд,0
31,47800,4,12,0,55000,Москва,Наёмный труд,0
36,38600,11,4,0,51000,Регион,Наёмный труд,0
35,77800,8,7,4,74000,Регион,Наёмный труд,0
31,62300,7,3,0,162000,Москва,Наёмный труд,0
27,164600,2,4,0,117000,Регион,Наёмный труд,0
39,31500,18,14,2,128000,Регион,Наёмный труд,1
22,49800,1,11,0,76000,Регион,ИП,0
35,26300,8,2,1,124000,Москва,Наёмный труд,1
49,18000,26,4,1,88000,Регион,Без работы,1
64,67900,44,11,1,174000,Москва,Наёмный труд,0
42,61300,20,2,3,150000,Регион,Без работы,1
47,33400,22,4,0,109000,Регион,Самозанятый,0
59,51100,38,10,1,61000,Регион,ИП,0
24,36900,0,13,2,116000,Регион,Без работы,0
39,39200,14,4,1,114000,Регион,Наёмный труд,1
59,42400,36,5,2,106000,Регион,Наёмный труд,1
63,32700,40,8,0,74000,Регион,Наёмный труд,0
20,35500,0,0,2,67000,Москва,Наёмный труд,0
49,36000,28,11,3,120000,Москва,Наёмный труд,0
40,59300,13,9,0,59000,Москва,Наёмный труд,0
39,14100,18,13,1,85000,Регион,Наёмный труд,0
25,44200,0,5,0,140000,Регион,Наёмный труд,1
41,30000,15,0,0,129000,Регион,Наёмный труд,0
37,30500,15,5,0,49000,Москва,Наёмный труд,0
27,38700,6,1,0,118000,Регион,Без работы,1
58,48700,33,7,1,334000,Москва,Наёмный труд,0
51,44500,26,10,1,148000,Регион,Наёмный труд,0
52,30400,25,2,0,84000,Санкт-Петербург,Наёмный труд,0
35,67800,9,9,1,216000,Москва,Самозанятый,0
31,32700,5,13,1,369000,Регион,Наёмный труд,0
57,35200,37,5,1,166000,Санкт-Петербург,Без работы,1
53,55700,29,5,4,35000,Регион,Наёмный труд,1
33,56600,12,14,1,143000,Регион,Наёмный труд,0
55,37200,28,3,1,222000,Регион,Без работы,0
52,13100,27,4,2,29000,Регион,Без работы,1
42,32900,16,1,0,173000,Санкт-Петербург,Наёмный труд,1
64,52700,39,9,0,87000,Регион,Наёмный труд,0
21,66800,0,14,1,217000,Регион,ИП,0
60,47300,34,9,2,95000,Регион,Наёмный труд,0
40,39500,18,7,1,121000,Москва,Наёмный труд,0
21,137600,0,9,3,123000,Регион,Наёмный труд,0
46,41500,20,6,1,152000,Москва,Наёмный труд,1
28,64600,4,9,2,129000,Москва,ИП,0
20,26900,0,5,1,58000,Москва,Наёмный труд,0
30,30000,3,6,2,84000,Москва,Без работы,0
22,65600,0,11,1,98000,Москва,Наёмный труд,0
42,78400,19,0,1,207000,Москва,Наёмный труд,0
45,41100,18,13,1,132000,Регион,Наёмный труд,0
23,21300,0,13,1,67000,Санкт-Петербург,Самозанятый,0
37,45500,10,4,0,57000,Москва,Без работы,0
25,53400,0,6,1,146000,Регион,ИП,0
54,51200,29,0,4,74000,Москва,Наёмный труд,1
41,38000,20,1,0,155000,Москва,Без работы,1
62,45800,37,8,1,95000,Регион,Без работы,0
34,35000,10,11,1,237000,Санкт-Петербург,Наёмный труд,1
41,29700,18,2,1,63000,Санкт-Петербург,Наёмный труд,0
56,68900,30,5,1,234000,Регион,Наёмный труд,0
61,51200,39,14,0,178000,Регион,Наёмный труд,0
31,45800,11,6,1,76000,Регион,Без работы,1
61,39000,35,8,1,58000,Регион,Наёмный труд,0
57,45200,36,4,0,314000,Регион,Наёмный труд,0
37,52700,17,3,1,57000,Регион,Наёмный труд,0
64,106700,42,10,1,119000,Москва,Наёмный труд,0
54,65800,30,11,1,121000,Регион,Самозанятый,0
49,36300,25,14,0,99000,Москва,Наёмный труд,0
43,36500,21,1,1,158000,Регион,Наёмный труд,0
61,34000,36,2,0,56000,Регион,Без работы,0
49,44800,27,14,2,315000,Регион,ИП,0
33,34000,6,4,0,60000,Регион,Наёмный труд,0
25,60700,0,10,0,91000,Регион,Наёмный труд,0
22,14900,0,14,0,42000,Москва,Наёмный труд,1
35,62400,14,12,0,185000,Санкт-Петербург,Самозанятый,0
26,55500,0,1,0,306000,Регион,Самозанятый,0
33,86500,10,12,2,329000,Регион,Наёмный труд,0
28,72700,2,3,0,195000,Регион,ИП,0
34,36000,8,0,1,79000,Регион,Наёмный труд,1
40,69100,14,3,2,99000,Регион,Наёмный труд,0
54,45500,34,6,0,81000,Регион,Наёмный труд,0
21,20500,1,14,2,48000,Регион,Наёмный труд,0
46,52700,22,13,1,83000,Регион,Наёмный труд,1
21,37000,0,11,0,170000,Регион,ИП,0
54,49000,29,2,2,59000,Регион,Наёмный труд,0
37,103100,10,9,1,25000,Регион,Самозанятый,0
33,54200,9,7,0,47000,Регион,ИП,0
39,31000,18,5,1,161000,Регион,ИП,0
37,75700,15,5,1,35000,Регион,Наёмный труд,0
29,57700,9,13,2,74000,Санкт-Петербург,Наёмный труд,0
44,29400,18,14,0,78000,Регион,Наёмный труд,0
21,23800,0,0,2,115000,Регион,Наёмный труд,1
44,31600,20,4,0,114000,Москва,Самозанятый,0
52,71400,28,2,0,126000,Регион,Наёмный труд,0
55,42800,35,14,0,90000,Регион,Наёмный труд,0
50,50800,26,9,0,56000,Регион,Наёмный труд,0
33,26800,8,14,2,170000,Регион,Без работы,1
20,72300,0,0,0,34000,Регион,Наёмный труд,1
35,19800,12,7,0,158000,Регион,Наёмный труд,1
22,36500,0,6,2,196000,Санкт-Петербург,Самозанятый,1
54,59200,32,6,0,401000,Москва,Наёмный труд,0
60,29600,36,11,1,63000,Регион,Наёмный труд,0
25,64600,0,9,0,71000,Регион,Наёмный труд,0
44,33200,17,13,1,102000,Санкт-Петербург,Наёмный труд,0
32,28200,9,9,0,97000,Москва,Наёмный труд,0
53,87500,32,9,0,163000,Регион,Наёмный труд,0
27,52500,3,3,0,135000,Санкт-Петербург,Без работы,0
40,61900,15,12,0,80000,Регион,ИП,0
53,77500,32,14,2,93000,Регион,Без работы,0
23,15100,0,10,0,173000,Регион,Наёмный труд,1
44,65200,17,5,0,46000,Санкт-Петербург,Наёмный труд,0
34,34800,8,12,1,86000,Регион,Без работы,0
23,36900,0,8,1,138000,Регион,Наёмный труд,1
64,59700,44,14,4,52000,Регион,Самозанятый,0
31,41600,8,13,1,12000,Регион,Наёмный труд,0
51,64100,28,2,0,235000,Санкт-Петербург,ИП,0
51,48100,31,14,0,98000,Москва,Без работы,0
47,52900,25,8,2,46000,Москва,Наёмный труд,0
32,39300,5,3,2,171000,Санкт-Петербург,Наёмный труд,0
50,30400,24,4,2,87000,Регион,Наёмный труд,0
33,35100,8,6,0,53000,Регион,Наёмный труд,0
39,46800,16,5,1,123000,Санкт-Петербург,Наёмный труд,0
37,112100,16,9,0,102000,Регион,ИП,0
48,95100,21,7,2,68000,Регион,Наёмный труд,0
25,36500,0,7,0,62000,Регион,Наёмный труд,0
51,50400,28,7,1,53000,Москва,Наёмный труд,1
48,43100,22,2,0,153000,Регион,Наёмный труд,0
62,52000,40,14,1,47000,Регион,Наёмный труд,0
21,55100,0,13,0,61000,Регион,ИП,0
42,62200,21,9,1,105000,Санкт-Петербург,Самозанятый,1
38,13300,12,5,3,237000,Регион,Наёмный труд,1
50,57800,25,6,1,107000,Регион,Наёмный труд,0
24,41000,0,8,1,140000,Регион,ИП,0
38,35700,17,9,0,105000,Регион,Наёмный труд,0
53,70100,26,9,1,170000,Москва,Наёмный труд,0
29,94900,9,13,0,316000,Регион,Наёмный труд,0
44,66800,20,11,0,76000,Москва,Наёмный труд,0
21,38800,1,14,1,100000,Санкт-Петербург,Наёмный труд,0
30,30200,5,3,0,110000,Регион,Без работы,0
50,12700,26,4,0,136000,Москва,Наёмный труд,0
34,53200,14,7,1,107000,Санкт-Петербург,Без работы,1
28,63600,4,0,0,71000,Регион,Наёмный труд,0
42,46800,19,11,0,98000,Регион,Самозанятый,0
38,74600,12,5,0,425000,Москва,Наёмный труд,0
28,27100,7,14,0,119000,Регион,Наёмный труд,1
54,45400,30,3,0,31000,Москва,ИП,0
40,43800,17,4,1,78000,Санкт-Петербург,Самозанятый,0
28,46700,2,10,1,100000,Регион,Наёмный труд,0
47,82900,21,4,1,91000,Москва,ИП,0
26,46800,4,1,2,95000,Регион,Наёмный труд,0
35,42900,8,7,0,117000,Москва,ИП,0
35,32200,15,14,1,134000,Регион,ИП,0
52,89100,30,1,0,115000,Регион,Наёмный труд,0
23,25700,0,3,0,175000,Регион,Наёмный труд,0
23,38200,0,11,0,40000,Регион,Наёмный труд,0
58,105100,33,12,1,85000,Регион,Без работы,0
59,60500,36,4,0,128000,Регион,Наёмный труд,0
36,48600,14,13,1,115000,Москва,Наёмный труд,0
56,49500,34,0,1,67000,Регион,Наёмный труд,1
58,32000,31,5,2,72000,Москва,ИП,0
48,47500,22,1,0,60000,Регион,Наёмный труд,0
55,41900,32,13,1,177000,Регион,ИП,1
57,53100,31,4,1,32000,Москва,Без работы,0
58,24900,37,14,0,46000,Регион,Наёмный труд,0
56,58600,32,5,1,127000,Москва,Наёмный труд,1
54,77500,29,10,0,137000,Регион,Без работы,0
26,44700,1,7,2,38000,Москва,Наёмный труд,0
46,65600,26,8,1,144000,Регион,ИП,0
47,56400,21,12,2,110000,Москва,ИП,0
41,37300,17,14,0,135000,Санкт-Петербург,ИП,0
33,30400,6,11,1,103000,Регион,Наёмный труд,1
26,32400,6,5,0,127000,Санкт-Петербург,Наёмный труд,0
56,55900,31,4,1,130000,Регион,ИП,0
41,47800,17,11,1,131000,Регион,Наёмный труд,0
24,87000,2,3,1,114000,Москва,ИП,1
21,70000,0,1,1,94000,Регион,Наёмный труд,0
46,69900,19,1,2,94000,Москва,Наёмный труд,0
40,55200,18,6,0,113000,Москва,Наёмный труд,0
57,31800,36,4,2,162000,Москва,Без работы,0
34,56700,7,6,1,321000,Регион,Наёмный труд,0
40,50400,14,12,0,136000,Москва,Наёмный труд,1
29,29400,6,10,0,124000,Регион,Без работы,1
42,84500,22,0,0,205000,Регион,ИП,0
58,80500,38,0,1,125000,Санкт-Петербург,Без работы,0
24,29300,1,4,4,52000,Регион,Наёмный труд,1
20,36800,0,1,1,64000,Регион,Самозанятый,0
32,38300,9,7,0,296000,Санкт-Петербург,Наёмный труд,1
40,64500,14,13,1,64000,Москва,Самозанятый,0
45,61200,20,14,3,139000,Регион,Самозанятый,0
64,50000,41,2,1,55000,Регион,Наёмный труд,0
40,55400,19,0,1,213000,Регион,Наёмный труд,0
37,27500,12,12,1,75000,Москва,ИП,0
56,58200,33,1,0,104000,Москва,Наёмный труд,0
64,46800,44,9,1,86000,Регион,ИП,0
51,36100,29,9,1,134000,Москва,Наёмный труд,0
55,24600,34,6,0,109000,Регион,Без работы,0
36,49600,10,5,1,170000,Москва,Наёмный труд,0
54,57600,33,11,0,146000,Регион,Наёмный труд,0
30,22800,3,7,1,117000,Регион,Наёмный труд,0
40,49400,16,6,0,146000,Санкт-Петербург,Наёмный труд,0
45,51800,23,13,0,150000,Москва,Наёмный труд,0
23,38200,2,9,0,78000,Регион,Наёмный труд,0
53,58200,26,12,1,74000,Санкт-Петербург,Наёмный труд,0
37,46200,14,7,1,251000,Регион,Самозанятый,0
59,55700,38,2,0,151000,Регион,Наёмный труд,0
54,62300,33,5,0,126000,Москва,Самозанятый,0
60,62400,39,12,2,61000,Санкт-Петербург,Наёмный труд,0
48,77500,24,6,1,34000,Регион,Наёмный труд,0
48,57100,27,14,0,83000,Регион,Наёмный труд,0
57,39600,36,9,0,75000,Санкт-Петербург,Наёмный труд,0
61,36600,37,10,0,82000,Регион,Наёмный труд,0
40,30400,13,0,0,165000,Регион,Наёмный труд,1
61,52500,36,0,0,247000,Регион,Наёмный труд,0
32,88800,10,6,0,192000,Москва,Наёмный труд,1
60,41700,33,12,0,69000,Москва,Наёмный труд,0
36,60000,10,10,0,136000,Регион,Наёмный труд,0
28,34900,3,12,0,74000,Регион,Наёмный труд,0
60,53500,40,2,1,33000,Регион,ИП,0
20,86400,0,2,1,94000,Москва,Наёмный труд,0
21,66800,0,14,0,210000,Регион,Наёмный труд,0
48,24200,27,4,0,81000,Регион,Наёмный труд,0
52,63400,31,14,0,163000,Санкт-Петербург,Наёмный труд,0
29,64700,3,10,1,66000,Москва,Наёмный труд,0
59,53000,39,5,0,149000,Регион,ИП,0
40,66200,19,1,0,85000,Регион,ИП,0
47,33700,24,2,1,246000,Москва,Наёмный труд,1
30,50400,9,5,1,82000,Регион,Наёмный труд,0
53,80800,32,2,2,71000,Регион,Наёмный труд,0
27,77600,4,13,2,239000,Регион,Наёмный труд,1
41,62700,21,4,0,70000,Регион,Без работы,0
27,32900,4,8,2,112000,Регион,ИП,0
34,30700,10,11,1,70000,Москва,Наёмный труд,0
36,51600,13,2,0,172000,Москва,Без работы,0
42,53200,20,11,1,215000,Регион,Наёмный труд,0
43,46900,19,10,3,66000,Москва,Наёмный труд,0
64,34100,43,12,0,137000,Регион,Наёмный труд,0
38,59700,12,12,0,145000,Регион,Наёмный труд,0
24,51500,0,5,1,106000,Москва,Самозанятый,0
51,55800,31,10,0,247000,Регион,Самозанятый,0
63,64000,43,4,2,245000,Регион,Наёмный труд,0
20,43300,0,4,1,59000,Санкт-Петербург,Наёмный труд,0
42,39300,18,10,1,204000,Регион,ИП,0
56,80700,35,13,2,134000,Регион,ИП,0
27,34900,7,13,1,114000,Регион,Наёмный труд,0
32,39700,7,5,0,86000,Регион,Наёмный труд,0
27,85400,6,5,0,41000,Москва,ИП,0
42,38300,17,0,0,117000,Москва,Самозанятый,1
62,46900,40,10,2,119000,Москва,Самозанятый,0
20,40700,0,14,1,327000,Регион,Наёмный труд,1
64,22000,37,8,2,66000,Санкт-Петербург,Наёмный труд,0
43,46400,23,4,2,38000,Москва,Самозанятый,1
54,31100,31,0,2,49000,Регион,Самозанятый,1
43,55000,21,7,2,256000,Москва,Наёмный труд,1
36,80600,12,6,0,75000,Москва,Наёмный труд,0
24,18100,3,6,0,224000,Регион,Без работы,1
39,40800,19,14,2,99000,Санкт-Петербург,Без работы,0
40,60100,18,13,3,55000,Регион,Самозанятый,0
59,18400,37,4,1,328000,Санкт-Петербург,Наёмный труд,1
50,89400,23,0,1,218000,Санкт-Петербург,ИП,0
55,58200,35,8,1,89000,Регион,Наёмный труд,0
30,79800,6,10,1,180000,Регион,Самозанятый,1
34,38000,10,8,0,106000,Регион,Наёмный труд,0
38,40200,15,7,0,128000,Регион,ИП,1
26,45600,0,4,0,284000,Регион,Наёмный труд,0
47,128300,22,13,0,40000,Регион,Самозанятый,0
62,88700,38,2,2,80000,Регион,Наёмный труд,0
24,52000,0,7,1,100000,Регион,Наёмный труд,0
24,55000,1,0,0,121000,Регион,ИП,0
49,65200,24,2,1,47000,Москва,Наёмный труд,0
51,143800,29,11,1,171000,Регион,Наёмный труд,0
27,58200,7,10,3,49000,Регион,Без работы,1
29,50000,5,6,1,47000,Регион,Наёмный труд,0
57,42100,34,13,1,85000,Москва,ИП,0
51,54500,29,14,1,308000,Санкт-Петербург,Наёмный труд,0
47,37600,23,3,1,454000,Санкт-Петербург,ИП,1
36,61300,15,6,0,132000,Регион,ИП,0
50,25700,24,11,1,86000,Москва,ИП,0
27,43600,5,10,0,108000,Санкт-Петербург,Без работы,0
59,68200,32,12,0,121000,Москва,Наёмный труд,0
44,57900,17,13,0,238000,Санкт-Петербург,ИП,0
28,39800,4,4,3,48000,Регион,Самозанятый,0
21,44200,0,5,1,202000,Регион,Наёмный труд,0
34,78100,12,13,1,42000,Москва,Наёмный труд,0
22,28400,2,6,1,74000,Регион,Без работы,1
55,28500,35,14,0,99000,Москва,Наёмный труд,0
23,32300,0,12,0,126000,Москва,Наёмный труд,0
33,48800,13,9,1,99000,Регион,Наёмный труд,0
60,26600,35,11,0,110000,Регион,Наёмный труд,0
60,75300,39,6,0,101000,Регион,Самозанятый,0
44,32300,24,6,1,40000,Регион,Наёмный труд,0
29,54200,2,6,0,139000,Регион,Наёмный труд,0
40,37800,19,10,0,161000,Москва,Самозанятый,0
55,47600,35,12,2,221000,Москва,Наёмный труд,0
31,23800,6,12,1,299000,Москва,ИП,0
46,76900,19,6,3,126000,Регион,Самозанятый,0
59,31800,37,2,0,230000,Москва,Самозанятый,0
21,30300,0,14,0,100000,Москва,Самозанятый,0
32,143000,8,11,0,41000,Регион,Наёмный труд,0
51,62900,31,2,0,176000,Москва,Наёмный труд,0
50,75600,26,6,0,154000,Москва,Наёмный труд,0
35,60300,15,13,2,99000,Москва,Наёмный труд,0
51,40000,31,1,1,95000,Москва,Наёмный труд,0
51,27200,24,13,0,132000,Регион,Наёмный труд,0
53,42900,27,1,0,81000,Регион,Наёмный труд,0
30,31600,7,2,1,129000,Москва,Наёмный труд,0
29,32400,6,13,2,57000,Москва,Наёмный труд,1
34,24000,8,3,0,61000,Регион,Наёмный труд,0
36,51600,13,5,2,45000,Регион,Наёмный труд,0
59,99500,38,12,0,379000,Регион,Наёмный труд,0
37,63000,14,7,1,103000,Регион,ИП,0
28,46700,8,9,3,204000,Москва,Самозанятый,0
44,48100,19,9,1,51000,Регион,Самозанятый,0
59,12400,34,6,0,89000,Регион,ИП,1
33,40500,11,3,0,137000,Москва,ИП,0
44,25800,17,1,2,239000,Регион,Наёмный труд,0
41,52100,18,1,1,69000,Санкт-Петербург,Наёмный труд,0
49,43600,24,14,0,78000,Москва,Самозанятый,0
39,33200,16,3,0,61000,Регион,Наёмный труд,0
40,51600,13,5,1,92000,Регион,Наёмный труд,1
63,51400,41,2,1,54000,Москва,Наёмный труд,0
51,97100,26,5,0,42000,Санкт-Петербург,Наёмный труд,1
40,66800,20,4,1,115000,Регион,Самозанятый,1
54,54000,33,4,2,148000,Москва,Наёмный труд,0
51,32000,25,1,1,50000,Регион,Наёмный труд,1
49,30200,23,7,0,66000,Регион,Наёмный труд,0
58,64200,32,4,1,93000,Регион,ИП,0
31,44800,8,10,0,275000,Регион,ИП,0
60,54800,35,1,1,18000,Регион,Наёмный труд,0
37,76100,10,6,0,129000,Регион,Самозанятый,0
40,24800,13,12,3,148000,Санкт-Петербург,Наёмный труд,0
32,91900,7,14,1,64000,Регион,ИП,0
40,75800,18,8,2,80000,Москва,ИП,0
27,19400,7,8,1,121000,Санкт-Петербург,Без работы,0
59,141300,35,0,0,97000,Москва,Наёмный труд,0
26,56600,1,6,0,274000,Регион,Наёмный труд,0
42,39500,21,8,0,105000,Москва,Наёмный труд,0
63,61900,41,5,0,166000,Регион,Наёмный труд,0
51,31600,26,0,0,129000,Регион,Наёмный труд,0
30,62700,5,1,2,150000,Москва,Наёмный труд,1
41,34300,19,3,1,62000,Регион,Наёмный труд,0
41,121700,19,13,0,111000,Регион,Без работы,0
62,50400,39,3,1,95000,Регион,Наёмный труд,0
44,65700,19,1,1,64000,Москва,Без работы,1
41,34400,17,7,0,172000,Регион,Самозанятый,0
47,70800,26,1,3,29000,Регион,Самозанятый,0
48,48700,28,2,2,221000,Санкт-Петербург,Без работы,0
32,26000,12,13,2,26000,Санкт-Петербург,ИП,0
37,44000,13,3,1,90000,Регион,Самозанятый,0
21,116900,0,8,1,174000,Регион,Наёмный труд,0
48,72200,26,9,0,48000,Санкт-Петербург,Наёмный труд,0
40,41300,18,0,1,127000,Москва,Без работы,0
34,21100,7,7,2,119000,Регион,Наёмный труд,1
46,33700,24,11,1,120000,Москва,Наёмный труд,0
50,26000,23,14,1,80000,Регион,ИП,0
34,21400,9,13,2,75000,Санкт-Петербург,Наёмный труд,0
42,69800,15,4,0,38000,Регион,Самозанятый,1
43,50400,21,6,1,93000,Москва,Наёмный труд,0
63,110000,41,7,1,171000,Регион,Наёмный труд,0
32,31300,7,14,0,75000,Регион,Наёмный труд,0
41,49000,14,4,1,77000,Регион,Без работы,0
62,26200,37,7,1,256000,Регион,Наёмный труд,0
56,37500,32,9,3,89000,Москва,Самозанятый,1
52,44400,29,10,1,122000,Санкт-Петербург,Наёмный труд,0
22,41400,0,7,2,136000,Регион,Наёмный труд,1
38,50200,17,8,0,89000,Регион,Наёмный труд,0
42,75900,20,1,0,149000,Регион,Наёмный труд,0
48,72400,25,2,0,179000,Санкт-Петербург,Наёмный труд,0
49,34700,29,0,0,170000,Регион,Наёмный труд,0
58,48400,34,3,1,182000,Регион,Наёмный труд,0
63,70100,36,14,1,28000,Москва,Наёмный труд,0
44,78100,21,14,3,49000,Регион,Самозанятый,0
56,36400,31,4,0,72000,Регион,Наёмный труд,0
27,67400,5,10,2,61000,Регион,Наёмный труд,0
61,56900,39,0,0,64000,Санкт-Петербург,Наёмный труд,0
35,30300,13,7,0,168000,Санкт-Петербург,Без работы,0
27,70300,4,1,0,105000,Москва,Самозанятый,0
20,52500,0,0,0,91000,Регион,Самозанятый,0
63,22400,38,1,2,86000,Регион,Наёмный труд,0
24,42900,0,14,4,78000,Москва,Самозанятый,0
22,49900,0,12,2,85000,Регион,Самозанятый,0
20,37300,0,4,2,227000,Регион,Без работы,1
23,85200,3,8,0,34000,Регион,Наёмный труд,0
59,86600,39,8,1,212000,Москва,Без работы,0
54,41300,33,1,0,391000,Санкт-Петербург,Наёмный труд,1
51,39300,29,1,0,211000,Регион,Наёмный труд,0
61,46200,39,2,1,55000,Москва,Наёмный труд,0
53,44800,30,6,0,74000,Регион,Наёмный труд,0
62,37500,39,10,1,184000,Регион,Наёмный труд,0
44,9200,18,2,0,85000,Москва,Наёмный труд,1
29,108000,2,0,1,73000,Санкт-Петербург,Самозанятый,0
40,49000,18,13,1,93000,Регион,Наёмный труд,1
58,45200,37,13,0,50000,Санкт-Петербург,ИП,0
46,56700,19,13,1,91000,Москва,Наёмный труд,0
46,47300,24,5,0,48000,Регион,Без работы,0
21,40400,0,2,2,152000,Регион,ИП,1
60,31200,35,0,0,59000,Регион,Наёмный труд,0
32,21400,9,13,1,102000,Регион,ИП,0
28,26600,6,12,0,76000,Москва,Наёмный труд,0
55,29700,28,3,4,124000,Санкт-Петербург,Наёмный труд,0
41,65700,18,12,1,162000,Регион,Наёмный труд,1
61,67900,39,0,2,117000,Регион,Наёмный труд,0
45,33000,21,0,0,65000,Регион,Наёмный труд,0
31,14800,8,11,1,70000,Москва,Наёмный труд,0
36,49200,9,1,4,407000,Санкт-Петербург,Без работы,1
33,40600,12,9,0,174000,Москва,Наёмный труд,0
33,40100,9,7,1,88000,Регион,Наёмный труд,0
53,75400,28,1,0,70000,Москва,Без работы,0
39,52200,17,10,0,42000,Москва,Наёмный труд,0
30,31600,4,1,0,194000,Регион,ИП,0
35,28500,10,14,0,64000,Регион,Наёмный труд,0
50,43600,27,10,0,186000,Регион,Наёмный труд,0
25,32600,1,10,2,162000,Регион,Наёмный труд,0
38,47400,13,9,0,222000,Регион,Без работы,0
56,77800,35,9,1,156000,Санкт-Петербург,Наёмный труд,0
23,26300,0,7,1,87000,Регион,Наёмный труд,0
23,51000,0,11,1,100000,Санкт-Петербург,Без работы,1
39,74000,15,5,1,100000,Санкт-Петербург,Без работы,0
29,47200,4,11,0,84000,Регион,Наёмный труд,0
43,67800,19,10,0,37000,Регион,Самозанятый,0
54,43100,30,3,0,27000,Регион,Наёмный труд,0
45,52900,20,2,1,156000,Регион,Наёмный труд,0
56,59800,36,0,1,89000,Регион,Наёмный труд,0
57,37900,35,10,1,176000,Регион,Наёмный труд,0
40,120100,13,2,2,79000,Регион,Наёмный труд,0
59,63600,36,11,0,99000,Регион,Наёмный труд,0
58,88100,35,13,1,172000,Москва,Наёмный труд,0
40,79400,14,8,0,251000,Санкт-Петербург,Наёмный труд,0
29,56800,3,4,2,82000,Регион,Наёмный труд,0
57,91500,31,12,0,54000,Москва,Без работы,0
23,53300,0,5,0,204000,Регион,ИП,1
64,35300,40,4,2,83000,Регион,Наёмный труд,0
39,49300,13,0,0,74000,Регион,Без работы,1
36,31200,11,9,0,78000,Регион,Наёмный труд,0
26,19000,4,0,0,64000,Санкт-Петербург,Наёмный труд,0
23,33400,2,3,2,157000,Регион,Наёмный труд,1
48,50700,25,14,0,44000,Москва,Наёмный труд,0
33,79100,8,2,1,105000,Москва,ИП,0
22,33400,0,10,3,115000,Регион,Без работы,1
43,77200,21,7,0,69000,Москва,Наёмный труд,0
56,28400,36,11,1,256000,Санкт-Петербург,Наёмный труд,0
35,32400,8,11,0,169000,Регион,Наёмный труд,0
23,94100,0,6,3,75000,Регион,Наёмный труд,0
43,50100,20,14,2,93000,Регион,Самозанятый,0
53,45300,27,10,1,169000,Регион,Наёмный труд,0
49,54500,25,14,0,104000,Регион,Наёмный труд,0
37,28500,11,6,0,229000,Москва,Самозанятый,0
38,42200,16,14,2,139000,Регион,Наёмный труд,0
50,49100,28,7,0,115000,Регион,Без работы,0
38,85300,17,13,0,114000,Санкт-Петербург,Наёмный труд,0
38,23100,12,9,0,653000,Регион,Наёмный труд,1
41,108400,14,6,1,54000,Регион,Наёмный труд,0
43,46300,16,9,0,51000,Москва,Наёмный труд,0
64,29700,44,1,2,85000,Санкт-Петербург,Самозанятый,0
31,27400,4,3,0,229000,Москва,Наёмный труд,0
49,55400,27,14,0,23000,Регион,Без работы,0
57,26700,35,10,1,31000,Регион,Наёмный труд,1
50,38100,23,5,0,78000,Регион,Без работы,0
55,43800,31,2,2,352000,Регион,Без работы,1
38,82000,14,14,0,100000,Регион,Наёмный труд,0
64,77500,37,2,1,49000,Регион,Наёмный труд,0
55,36700,34,14,3,162000,Регион,Самозанятый,0
49,44500,24,5,0,268000,Регион,Наёмный труд,0
52,23900,31,0,0,67000,Регион,Самозанятый,0
37,19600,16,13,3,130000,Регион,Наёмный труд,1
47,28200,20,0,2,108000,Регион,ИП,0
30,81300,6,4,1,139000,Регион,Наёмный труд,0
64,69600,38,0,0,75000,Регион,ИП,0
52,58300,26,9,1,144000,Регион,Наёмный труд,0
36,25400,9,7,0,163000,Регион,Самозанятый,1
25,35600,0,1,3,152000,Регион,Наёмный труд,0
23,33300,0,5,1,37000,Регион,Наёмный труд,0
39,45500,15,9,1,42000,Регион,Без работы,0
46,44200,19,9,2,65000,Москва,ИП,0
34,31200,14,4,2,116000,Санкт-Петербург,Без работы,1
25,57400,2,9,0,138000,Регион,Наёмный труд,0
33,54300,10,11,0,52000,Москва,Наёмный труд,0
30,35300,3,11,0,120000,Регион,Наёмный труд,0
58,56200,31,3,2,174000,Регион,ИП,0
28,81300,8,0,1,147000,Регион,Наёмный труд,0
45,93200,19,13,0,75000,Регион,Наёмный труд,0
35,61100,12,13,0,79000,Регион,Без работы,1
24,60300,0,2,0,45000,Регион,Наёмный труд,0
29,44000,2,12,1,280000,Регион,Без работы,1
22,77900,0,11,1,131000,Регион,Наёмный труд,0
32,30300,9,3,3,38000,Санкт-Петербург,Без работы,0
62,74000,37,1,2,206000,Москва,ИП,0
49,43100,25,11,0,147000,Регион,Самозанятый,0
64,95900,37,1,4,202000,Регион,Наёмный труд,0
25,63900,0,1,0,71000,Регион,Без работы,1
36,47500,16,10,0,77000,Регион,Наёмный труд,0
64,44100,37,0,1,61000,Санкт-Петербург,ИП,0
38,62100,17,9,0,352000,Регион,Наёмный труд,0
61,60800,41,1,2,73000,Москва,Наёмный труд,0
54,41000,31,5,0,56000,Регион,Самозанятый,0
45,51100,21,2,1,67000,Регион,Наёмный труд,0
24,73400,0,9,1,81000,Регион,ИП,0
48,26500,25,4,3,251000,Регион,Наёмный труд,1
56,68000,33,0,1,117000,Регион,Без работы,0
39,62000,12,7,0,207000,Регион,Без работы,0
40,83600,19,12,1,117000,Регион,Наёмный труд,0
29,35500,3,3,1,89000,Регион,Наёмный труд,0
24,49100,1,8,0,53000,Регион,ИП,0
55,53800,34,3,2,257000,Москва,Наёмный труд,0
25,68400,1,13,1,179000,Москва,Наёмный труд,0
45,59500,21,14,1,189000,Регион,Наёмный труд,0
23,28100,0,14,1,172000,Санкт-Петербург,Наёмный труд,1
58,55900,32,14,2,64000,Регион,Наёмный труд,0
58,120800,37,1,1,116000,Регион,Наёмный труд,0
54,64600,34,2,0,189000,Регион,Наёмный труд,0
20,102400,0,4,0,174000,Регион,Наёмный труд,0
43,78400,16,11,1,108000,Москва,Наёмный труд,0
55,90500,29,9,1,323000,Санкт-Петербург,Наёмный труд,0
25,56400,0,14,1,136000,Регион,Наёмный труд,0
60,62000,40,12,0,218000,Санкт-Петербург,Самозанятый,0
63,55000,39,12,2,111000,Санкт-Петербург,Наёмный труд,0
50,49100,26,13,2,79000,Регион,Самозанятый,0
39,68500,14,5,3,177000,Регион,ИП,0
43,38800,18,6,1,153000,Регион,Наёмный труд,0
44,114500,22,3,0,122000,Регион,Наёмный труд,0
55,32300,28,6,1,59000,Регион,Наёмный труд,1
40,70600,17,14,0,181000,Регион,ИП,0
49,91200,26,9,0,61000,Регион,Наёмный труд,0
43,45300,23,2,2,157000,Регион,Без работы,0
63,29700,40,6,1,51000,Москва,ИП,0
61,82500,41,3,2,59000,Регион,Наёмный труд,0
49,53700,23,12,1,118000,Регион,Наёмный труд,0
41,70700,17,12,2,140000,Регион,Наёмный труд,0
47,46700,25,7,2,112000,Регион,Наёмный труд,0
26,106900,4,8,3,72000,Санкт-Петербург,Наёмный труд,0
54,18900,27,6,0,193000,Москва,ИП,0
47,58100,20,7,0,107000,Регион,ИП,0
33,89700,9,7,2,111000,Регион,Наёмный труд,0
29,51400,4,1,0,90000,Регион,Наёмный труд,0
35,56200,8,8,0,64000,Москва,Наёмный труд,0
35,40300,8,5,3,194000,Регион,Наёмный труд,1
50,49500,29,10,2,67000,Москва,ИП,0
61,23100,40,3,0,273000,Регион,Наёмный труд,1
44,35500,21,14,2,60000,Санкт-Петербург,Самозанятый,0
32,34400,7,4,0,120000,Регион,Без работы,1
25,66200,5,9,0,103000,Регион,Наёмный труд,0
63,37900,37,4,1,92000,Регион,Наёмный труд,0
28,38400,6,6,0,149000,Санкт-Петербург,Наёмный труд,0
64,41400,41,13,1,159000,Санкт-Петербург,Наёмный труд,1
55,35000,28,8,1,136000,Регион,Наёмный труд,0
62,55300,38,6,1,52000,Москва,Самозанятый,0
39,58100,14,8,0,49000,Регион,Наёмный труд,0
37,71100,10,3,0,47000,Санкт-Петербург,Самозанятый,0
62,65800,40,9,2,85000,Регион,Самозанятый,0
40,62900,20,13,1,351000,Москва,Самозанятый,0
23,42300,3,9,3,96000,Регион,Наёмный труд,0
52,41100,31,3,2,348000,Регион,Самозанятый,1
46,33100,23,5,2,97000,Регион,ИП,0
26,32900,0,7,2,109000,Москва,Наёмный труд,0
25,53500,1,13,0,141000,Регион,Без работы,0
34,35500,12,8,0,83000,Регион,Без работы,0
37,94900,10,0,0,113000,Москва,Наёмный труд,0
51,48200,25,0,1,36000,Регион,Самозанятый,0
30,96300,10,12,3,58000,Регион,Наёмный труд,1
39,63400,12,7,2,36000,Москва,Наёмный труд,0
43,34600,21,10,0,153000,Регион,Наёмный труд,0
34,47700,10,6,1,44000,Регион,Наёмный труд,0
26,23100,4,8,4,230000,Москва,Наёмный труд,1
40,53400,17,10,2,122000,Москва,Наёмный труд,1
61,36000,40,2,0,176000,Регион,ИП,0
45,29700,23,9,0,67000,Регион,Наёмный труд,0
63,97200,38,11,0,50000,Москва,Наёмный труд,0
33,77900,6,4,0,80000,Регион,Наёмный труд,0
56,77000,35,2,0,187000,Регион,Наёмный труд,0
40,69700,16,14,1,351000,Санкт-Петербург,Наёмный труд,0
37,28100,16,4,0,134000,Регион,Наёмный труд,1
24,40900,2,9,3,45000,Регион,Наёмный труд,0
22,42100,0,0,1,55000,Москва,Наёмный труд,0
42,22700,17,13,0,40000,Регион,Наёмный труд,0
45,38200,25,10,0,91000,Регион,Без работы,0
56,38300,29,3,0,84000,Москва,Наёмный труд,0
43,51900,18,5,1,91000,Москва,ИП,0
38,153200,16,1,0,52000,Москва,Наёмный труд,0
44,48600,18,12,0,49000,Санкт-Петербург,Наёмный труд,0
40,51900,19,6,1,104000,Москва,Наёмный труд,1
31,43800,6,7,1,132000,Регион,Без работы,1
60,68300,35,0,0,48000,Регион,Наёмный труд,0
52,30200,25,12,0,131000,Москва,ИП,0
23,115100,0,3,1,174000,Регион,Наёмный труд,0
61,46400,35,10,1,24000,Москва,Наёмный труд,0
26,41000,0,3,1,254000,Москва,Без работы,0
41,75900,14,12,0,150000,Санкт-Петербург,Наёмный труд,0
52,32800,32,4,0,175000,Санкт-Петербург,Наёмный труд,0
36,67800,14,13,1,54000,Регион,Наёмный труд,0
43,92300,21,11,1,158000,Санкт-Петербург,Наёмный труд,0
53,44000,29,11,2,170000,Регион,Наёмный труд,0
47,123500,20,3,1,67000,Москва,Наёмный труд,0
62,65500,42,8,1,158000,Москва,Наёмный труд,0
60,65900,36,6,0,91000,Регион,Наёмный труд,0
58,90600,34,12,2,68000,Москва,Наёмный труд,0
41,102100,17,1,0,88000,Регион,Без работы,0
36,55200,9,0,2,109000,Москва,Наёмный труд,0
53,70200,30,8,1,82000,Регион,ИП,0
25,91900,1,0,2,61000,Регион,ИП,0
25,29100,0,5,0,125000,Москва,Наёмный труд,0
53,22500,32,14,1,138000,Регион,Наёмный труд,0
20,47800,0,14,2,108000,Регион,Наёмный труд,0
29,22300,4,1,1,37000,Москва,Наёмный труд,0
40,42600,18,3,0,70000,Регион,Наёмный труд,0
24,56500,1,5,2,59000,Москва,ИП,0
21,43300,0,4,1,279000,Москва,Наёмный труд,0
41,46000,17,10,0,106000,Москва,Наёмный труд,0
21,31200,0,5,1,83000,Регион,Наёмный труд,1
29,69900,9,2,0,71000,Москва,Самозанятый,0
53,30400,33,4,3,92000,Москва,Наёмный труд,0
35,19000,8,1,1,155000,Регион,Наёмный труд,1
58,44700,36,6,0,33000,Санкт-Петербург,Наёмный труд,0
41,74000,20,2,1,113000,Регион,Наёмный труд,0
31,50800,4,0,0,73000,Москва,ИП,0
43,29000,21,13,3,128000,Регион,ИП,0
59,51300,37,7,0,159000,Регион,ИП,0
57,59700,34,7,1,65000,Санкт-Петербург,Наёмный труд,0
29,51100,2,2,1,43000,Москва,Без работы,1
54,43500,34,12,0,82000,Регион,Наёмный труд,0
51,61000,31,6,1,214000,Регион,Наёмный труд,0
26,22400,2,8,0,163000,Санкт-Петербург,Наёмный труд,0
40,32800,15,7,1,79000,Москва,Наёмный труд,1
39,27200,12,2,1,67000,Москва,Наёмный труд,0
45,89900,23,14,0,71000,Регион,Наёмный труд,0
23,67500,0,12,0,45000,Регион,Наёмный труд,0
41,53300,19,1,1,158000,Москва,Наёмный труд,0
34,25500,13,12,0,176000,Санкт-Петербург,Самозанятый,0
59,68500,32,9,0,78000,Москва,Без работы,0
40,91500,14,6,0,73000,Санкт-Петербург,Наёмный труд,0
34,63400,8,6,0,65000,Регион,Самозанятый,0
41,48300,21,8,0,75000,Регион,Самозанятый,0
47,65100,26,4,1,64000,Москва,Без работы,0
33,55400,10,3,1,90000,Регион,Наёмный труд,0
46,74400,22,7,0,158000,Санкт-Петербург,ИП,0
60,73600,39,13,1,149000,Регион,Наёмный труд,0
59,44400,39,3,0,60000,Регион,Наёмный труд,0
47,36400,24,3,1,108000,Москва,ИП,0
45,40900,23,11,2,145000,Регион,ИП,1
21,62400,0,13,2,56000,Москва,Наёмный труд,0
44,42100,19,11,1,107000,Регион,Самозанятый,0
22,35000,0,1,1,204000,Регион,Наёмный труд,0
27,49000,6,12,0,85000,Москва,Наёмный труд,0
63,80700,43,14,1,29000,Регион,Наёмный труд,0
52,52100,31,0,0,22000,Регион,Самозанятый,0
61,43300,39,3,1,119000,Регион,Без работы,0
54,56600,28,6,0,105000,Регион,ИП,0
25,50900,3,11,1,110000,Санкт-Петербург,Наёмный труд,0
58,20500,38,8,1,132000,Регион,Наёмный труд,0
42,67100,17,8,1,41000,Регион,Наёмный труд,0
44,58900,20,11,1,61000,Регион,Наёмный труд,0
62,49400,35,9,1,127000,Регион,Наёмный труд,0
38,79100,11,14,0,154000,Москва,Наёмный труд,0
24,84600,1,0,0,85000,Москва,Наёмный труд,0
30,70200,7,4,1,42000,Регион,Самозанятый,0
31,33400,9,6,1,121000,Регион,Наёмный труд,0
29,34000,8,12,1,102000,Регион,Самозанятый,0
27,81000,1,6,1,52000,Регион,Наёмный труд,0
43,21100,22,9,1,30000,Регион,Наёмный труд,0
47,45800,22,5,0,139000,Регион,Наёмный труд,0
60,59700,36,10,1,68000,Регион,Наёмный труд,1
55,22300,28,9,1,110000,Регион,Наёмный труд,0
56,54500,35,3,0,108000,Регион,Наёмный труд,0
40,75300,13,2,0,50000,Регион,Самозанятый,0
27,25100,4,11,0,127000,Москва,Без работы,0
28,103400,1,12,2,59000,Москва,Наёмный труд,0
34,31100,8,8,0,40000,Москва,Наёмный труд,0
59,63500,32,14,0,37000,Москва,Без работы,0
37,47200,16,11,1,99000,Москва,ИП,0
61,50600,35,12,1,257000,Регион,Наёмный труд,0
39,27500,12,9,0,101000,Регион,ИП,0
25,86400,1,3,2,288000,Санкт-Петербург,Наёмный труд,0
31,56800,8,7,0,235000,Регион,Наёмный труд,0
21,101700,0,12,0,135000,Регион,Наёмный труд,0
26,27800,0,0,0,254000,Москва,Наёмный труд,0
35,45200,14,6,0,237000,Регион,Наёмный труд,0
22,53900,0,11,0,200000,Санкт-Петербург,Наёмный труд,0
64,50400,42,5,2,32000,Регион,Самозанятый,0
22,66200,0,12,0,86000,Санкт-Петербург,Наёмный труд,1
46,44900,21,11,1,65000,Регион,Наёмный труд,0
62,127400,40,0,4,199000,Регион,Наёмный труд,0
59,49900,38,14,0,82000,Москва,Наёмный труд,0
57,13400,33,3,0,282000,Регион,Наёмный труд,1
52,50900,29,11,0,105000,Москва,ИП,0
47,86500,21,14,0,97000,Регион,Самозанятый,0
20,32400,0,13,1,79000,Регион,Наёмный труд,0
27,31400,5,4,1,88000,Регион,Наёмный труд,0
56,33600,34,10,2,116000,Москва,Самозанятый,0
51,30200,31,7,2,95000,Москва,Наёмный труд,1
62,39500,36,14,1,75000,Регион,Наёмный труд,0
56,73800,30,3,2,77000,Москва,Наёмный труд,0
23,97400,3,2,1,294000,Регион,Без работы,0
49,16500,23,1,3,327000,Регион,Наёмный труд,1
25,41300,4,3,0,74000,Регион,Без работы,0
38,56200,12,10,1,164000,Москва,Наёмный труд,0
51,53700,28,9,1,60000,Регион,Наёмный труд,0
28,115300,2,13,3,81000,Регион,ИП,0
31,19800,4,12,2,51000,Регион,Наёмный труд,0
30,15300,3,3,0,182000,Регион,Наёмный труд,1
35,124000,13,12,1,132000,Санкт-Петербург,Наёмный труд,0
20,68800,0,9,1,148000,Москва,Наёмный труд,1
64,37900,43,4,0,168000,Санкт-Петербург,Наёмный труд,0
40,53000,19,12,0,59000,Регион,ИП,0
49,54700,23,6,0,81000,Санкт-Петербург,ИП,0
32,37500,8,8,0,129000,Регион,Без работы,0
53,52300,29,1,2,80000,Регион,ИП,0
23,57500,0,4,1,103000,Регион,ИП,0
47,121400,23,10,1,61000,Москва,ИП,0
57,75600,31,9,0,219000,Регион,Самозанятый,1
50,107200,24,8,1,173000,Регион,Наёмный труд,0
46,26800,26,11,0,207000,Москва,Наёмный труд,0
24,41900,2,13,0,147000,Москва,ИП,0
44,54700,17,12,0,51000,Регион,Наёмный труд,0
22,20700,0,2,1,74000,Санкт-Петербург,Без работы,1
52,83400,26,0,3,65000,Москва,Наёмный труд,0
23,65400,3,1,0,85000,Москва,Наёмный труд,0
44,41600,19,13,1,186000,Москва,Самозанятый,0
39,45100,17,5,1,41000,Регион,Наёмный труд,0
53,86200,28,4,2,70000,Регион,Без работы,1
45,34300,25,0,1,78000,Регион,Без работы,0
24,87800,1,0,0,45000,Регион,ИП,0
54,43800,27,10,0,112000,Регион,Наёмный труд,0
47,68900,21,3,0,80000,Регион,Наёмный труд,0
48,51000,21,11,1,192000,Санкт-Петербург,Наёмный труд,0
28,133900,6,14,0,84000,Регион,Самозанятый,0
57,32900,36,3,1,130000,Москва,Наёмный труд,0
25,37900,3,14,1,106000,Регион,Наёмный труд,0
38,24900,16,5,0,22000,Москва,Наёмный труд,0
63,29900,41,5,2,42000,Москва,Наёмный труд,0
30,67600,7,9,0,124000,Москва,Самозанятый,0
21,100700,0,13,0,121000,Санкт-Петербург,Наёмный труд,0
63,71100,43,5,0,95000,Регион,Наёмный труд,0
63,48900,37,0,0,219000,Санкт-Петербург,ИП,0
28,32800,7,9,1,134000,Регион,Самозанятый,0
40,73400,20,8,1,253000,Регион,Самозанятый,0
43,32000,18,10,0,23000,Регион,Самозанятый,0
53,26700,28,6,0,279000,Москва,Наёмный труд,0
41,42700,16,6,1,69000,Регион,Наёмный труд,0
22,19600,2,10,1,100000,Москва,Без работы,0
31,26300,7,6,1,201000,Регион,Без работы,0
47,114500,24,1,0,28000,Регион,Наёмный труд,0
49,24200,25,1,0,85000,Регион,ИП,0
45,28700,19,5,0,181000,Москва,Без работы,0
40,50600,15,6,2,68000,Регион,Наёмный труд,0
47,51800,24,2,2,171000,Регион,Наёмный труд,0
45,44100,25,12,0,148000,Регион,ИП,0
52,19900,27,3,1,109000,Регион,Без работы,0
40,71800,20,13,1,141000,Санкт-Петербург,ИП,0
54,40200,31,11,3,215000,Санкт-Петербург,Самозанятый,0
53,84900,33,2,1,142000,Москва,Наёмный труд,0
60,36700,40,6,0,172000,Регион,Наёмный труд,0
37,76300,16,6,1,58000,Санкт-Петербург,Наёмный труд,0
30,87800,4,3,1,140000,Регион,Без работы,0
42,39700,18,12,1,132000,Регион,Наёмный труд,0
41,72900,14,6,0,194000,Регион,Наёмный труд,0
36,27000,12,4,1,49000,Регион,Без работы,0
24,55200,0,0,1,188000,Москва,Наёмный труд,0
63,85000,41,9,1,58000,Регион,Самозанятый,0
30,61900,9,3,0,402000,Регион,Наёмный труд,0
49,144800,22,6,1,58000,Регион,Наёмный труд,0
34,63500,9,12,0,49000,Санкт-Петербург,Наёмный труд,0
46,41600,21,14,0,83000,Москва,Без работы,0
54,176000,29,1,1,185000,Санкт-Петербург,Наёмный труд,0
52,102200,28,1,2,122000,Регион,Самозанятый,0
39,23800,13,0,1,270000,Москва,Наёмный труд,1
35,34400,11,1,1,82000,Регион,Наёмный труд,1
53,30700,26,9,0,74000,Регион,Наёмный труд,1
21,65500,0,13,1,64000,Регион,Самозанятый,0
54,63400,33,7,1,72000,Москва,Наёмный труд,0
59,63200,33,10,2,43000,Регион,Наёмный труд,0
47,23500,20,7,1,67000,Регион,Самозанятый,0
58,36800,38,7,1,48000,Санкт-Петербург,Наёмный труд,0
25,45800,1,14,2,152000,Регион,Наёмный труд,0
28,21600,3,0,2,240000,Москва,Наёмный труд,1
39,33100,19,0,1,113000,Регион,ИП,0
20,90300,0,11,2,66000,Санкт-Петербург,Наёмный труд,1
27,24400,4,9,2,154000,Регион,Самозанятый,1
42,94400,20,3,2,96000,Регион,Наёмный труд,0
22,80100,0,5,0,181000,Москва,Наёмный труд,0
23,43000,0,7,0,56000,Регион,Самозанятый,0
44,36600,17,12,2,58000,Регион,Наёмный труд,0
57,71300,36,1,0,153000,Регион,Без работы,0
34,34400,11,12,0,98000,Москва,Наёмный труд,0
40,35200,19,2,2,172000,Санкт-Петербург,Наёмный труд,1
54,48500,30,5,1,59000,Регион,Наёмный труд,0
33,18800,12,9,0,128000,Москва,Наёмный труд,0
55,25500,32,3,1,137000,Регион,Наёмный труд,1
31,42500,5,11,3,39000,Москва,Наёмный труд,0
36,60700,14,1,3,99000,Санкт-Петербург,Наёмный труд,0
58,34200,38,6,1,29000,Регион,Наёмный труд,0
28,44800,8,3,0,238000,Регион,Наёмный труд,0
54,23700,32,7,0,45000,Регион,Наёмный труд,0
32,74600,7,7,0,88000,Регион,Наёмный труд,0
34,54100,14,6,1,98000,Регион,Наёмный труд,0
37,56300,10,9,0,55000,Регион,Наёмный труд,0
52,61100,28,8,0,299000,Регион,ИП,0
25,50800,0,3,1,65000,Регион,ИП,1
46,39400,22,6,0,84000,Регион,Наёмный труд,0
42,81500,19,9,1,65000,Регион,Наёмный труд,0
46,52600,19,9,0,65000,Регион,Наёмный труд,0
53,45500,30,14,1,92000,Санкт-Петербург,Самозанятый,0
57,48800,32,11,1,151000,Москва,Наёмный труд,0
33,48400,8,0,0,109000,Москва,Наёмный труд,0
55,45300,28,3,2,63000,Москва,Наёмный труд,0
27,59900,0,1,0,98000,Санкт-Петербург,Без работы,0
54,32200,29,8,2,43000,Регион,ИП,0
38,33200,13,4,1,201000,Регион,Наёмный труд,0
49,63000,28,2,1,73000,Москва,Наёмный труд,0
33,45900,7,3,0,75000,Регион,Самозанятый,0
39,75900,14,5,0,31000,Регион,Наёмный труд,0
44,58900,17,9,1,73000,Регион,Наёмный труд,0
59,38200,33,0,0,271000,Санкт-Петербург,ИП,0
43,63500,18,6,0,142000,Регион,Наёмный труд,0
33,84000,10,7,0,192000,Санкт-Петербург,Наёмный труд,0
45,59900,21,6,1,106000,Москва,Наёмный труд,0
57,66100,31,6,1,20000,Санкт-Петербург,Без работы,0
42,45400,19,8,0,103000,Регион,Наёмный труд,0
41,76600,21,12,2,111000,Регион,Самозанятый,0
38,37700,11,3,0,169000,Москва,Наёмный труд,0
22,57100,1,13,3,97000,Москва,Без работы,1
61,155800,40,6,1,62000,Регион,Без работы,0
38,62500,14,8,1,93000,Регион,Наёмный труд,0
28,40600,3,14,2,80000,Санкт-Петербург,Наёмный труд,0
47,40500,24,4,1,135000,Регион,Наёмный труд,0
39,47500,19,1,1,93000,Регион,ИП,0
64,71900,41,14,0,54000,Москва,Наёмный труд,0
26,52300,0,4,0,139000,Регион,Самозанятый,0
33,36600,6,3,1,63000,Москва,Наёмный труд,0
28,36600,3,7,0,82000,Регион,Наёмный труд,1
38,52500,13,14,1,75000,Регион,ИП,0
33,50000,6,4,0,114000,Москва,Наёмный труд,0
57,60200,35,8,2,43000,Регион,Наёмный труд,1
55,74100,28,8,1,101000,Регион,Без работы,1
59,167300,36,2,1,189000,Москва,Наёмный труд,0
36,25400,12,12,0,105000,Москва,Без работы,0
49,66800,26,9,2,66000,Санкт-Петербург,ИП,0
28,51200,7,14,1,79000,Регион,ИП,0
52,21400,32,5,1,118000,Регион,Наёмный труд,0
44,86000,18,5,1,138000,Регион,Наёмный труд,0
33,59300,9,3,0,243000,Регион,Наёмный труд,0
30,70300,8,10,3,37000,Регион,Наёмный труд,0
54,22800,34,12,1,116000,Регион,Без работы,1
60,44400,40,9,1,110000,Регион,Наёмный труд,0
33,30200,7,2,0,95000,Регион,Наёмный труд,0
49,129800,28,0,2,122000,Регион,Наёмный труд,0
60,82000,39,11,1,86000,Москва,Наёмный труд,0
23,36100,2,6,1,54000,Санкт-Петербург,Наёмный труд,0
23,24600,0,14,1,112000,Москва,Наёмный труд,0
47,53500,24,14,1,146000,Регион,Самозанятый,1
27,80100,7,4,1,96000,Регион,Наёмный труд,0
21,22500,0,13,2,186000,Санкт-Петербург,Наёмный труд,1
60,32200,37,9,3,86000,Регион,Наёмный труд,0
41,29800,20,14,0,130000,Регион,Наёмный труд,0
60,72400,37,6,1,38000,Регион,Наёмный труд,0
35,41500,15,0,0,379000,Москва,Без работы,1
48,42300,28,7,1,86000,Регион,Наёмный труд,0
49,53000,24,2,2,74000,Санкт-Петербург,Наёмный труд,0
31,33000,9,6,1,84000,Москва,Без работы,0
54,25600,30,11,0,56000,Санкт-Петербург,Самозанятый,0
30,90800,7,2,1,49000,Регион,Наёмный труд,0
40,94700,16,13,2,101000,Москва,Наёмный труд,0
40,53100,16,2,1,106000,Регион,Самозанятый,0
24,54900,0,9,0,113000,Регион,Наёмный труд,1
39,86500,13,8,2,97000,Санкт-Петербург,Наёмный труд,0
56,52600,29,12,0,94000,Санкт-Петербург,Наёмный труд,0
22,40600,0,1,0,48000,Санкт-Петербург,Наёмный труд,0
63,49900,39,13,0,74000,Регион,Наёмный труд,0
52,91800,25,3,0,109000,Москва,Наёмный труд,0
28,50200,1,5,0,71000,Регион,Наёмный труд,0
28,36300,3,13,2,118000,Санкт-Петербург,Самозанятый,0
23,52400,3,2,0,91000,Регион,Наёмный труд,0
54,65900,28,11,3,91000,Москва,Наёмный труд,0
36,62400,13,9,0,112000,Регион,Наёмный труд,0
53,62900,28,13,1,132000,Регион,ИП,0
43,33800,21,9,1,151000,Регион,Наёмный труд,1
51,69300,24,6,0,324000,Москва,ИП,1
20,49700,0,6,1,166000,Регион,Наёмный труд,1
27,35600,0,14,0,41000,Москва,ИП,0
64,69100,38,4,1,52000,Регион,Самозанятый,0
42,40000,20,2,0,84000,Регион,Самозанятый,0
59,24100,39,1,0,62000,Регион,Наёмный труд,0
31,31200,11,14,0,125000,Регион,Наёмный труд,0
31,45200,10,14,0,133000,Санкт-Петербург,Наёмный труд,0
34,63600,10,3,2,74000,Москва,Наёмный труд,0
60,33200,39,13,0,202000,Регион,Наёмный труд,1
38,44000,12,14,1,236000,Регион,Наёмный труд,0
45,28400,23,12,0,33000,Санкт-Петербург,Без работы,0
48,76300,21,3,0,42000,Регион,Самозанятый,0
41,106200,18,10,1,191000,Москва,Наёмный труд,0
59,101100,38,7,1,166000,Регион,Наёмный труд,0
40,75700,20,7,0,133000,Санкт-Петербург,Самозанятый,0
57,72300,33,12,0,99000,Санкт-Петербург,Наёмный труд,0
39,19300,12,4,1,93000,Регион,Наёмный труд,1
48,53100,26,12,0,136000,Регион,Наёмный труд,0
23,39200,0,5,0,110000,Регион,Наёмный труд,0
26,72900,0,7,2,216000,Регион,Наёмный труд,1
47,15600,21,14,1,66000,Регион,Без работы,0
47,53500,27,0,0,100000,Москва,Наёмный труд,0
23,44500,0,4,0,168000,Санкт-Петербург,Наёмный труд,1
41,81100,15,3,1,109000,Санкт-Петербург,Наёмный труд,0
31,98400,8,3,3,148000,Регион,Самозанятый,0
64,32300,37,10,0,147000,Регион,Самозанятый,0
22,32900,0,1,3,77000,Регион,Наёмный труд,0
41,54400,14,9,0,54000,Регион,Самозанятый,0
63,107000,40,0,1,63000,Москва,Наёмный труд,0
21,50400,0,13,1,52000,Регион,Наёмный труд,0
43,27600,20,14,0,32000,Москва,ИП,0
53,37300,26,5,0,190000,Регион,Наёмный труд,0
46,53700,20,6,0,32000,Москва,Наёмный труд,0
60,54600,36,4,0,302000,Регион,ИП,1
20,35700,0,14,1,72000,Регион,Наёмный труд,0
27,37000,2,7,0,84000,Регион,Наёмный труд,1
42,31500,19,8,1,40000,Регион,Наёмный труд,0
57,81900,35,10,0,124000,Москва,Наёмный труд,0
25,33700,0,10,2,84000,Москва,Наёмный труд,1
41,39800,17,1,0,102000,Регион,Наёмный труд,0
44,39300,24,10,1,62000,Регион,Самозанятый,0
37,23800,11,12,3,132000,Санкт-Петербург,Без работы,1
36,33200,11,3,0,60000,Санкт-Петербург,Наёмный труд,0
31,85200,10,10,1,103000,Регион,Наёмный труд,0
25,28400,3,8,0,130000,Регион,ИП,0
45,31800,19,4,1,236000,Регион,Без работы,1
46,26900,21,2,0,160000,Регион,Наёмный труд,0
27,47100,3,5,1,104000,Регион,Самозанятый,0
38,114500,11,14,0,98000,Москва,Наёмный труд,0
61,46200,37,2,0,119000,Москва,Без работы,0
20,50500,0,13,1,156000,Регион,Наёмный труд,0
48,34300,27,4,1,63000,Регион,Без работы,0
64,47700,39,2,1,170000,Москва,Наёмный труд,0
54,85200,27,5,1,56000,Регион,Без работы,1
59,52300,34,11,1,130000,Санкт-Петербург,Наёмный труд,0
33,127900,10,9,0,137000,Регион,Наёмный труд,0
54,86400,34,4,1,66000,Москва,Самозанятый,0
64,47200,40,13,0,39000,Регион,ИП,0
39,46700,14,8,0,84000,Регион,Наёмный труд,0
32,102100,7,2,1,20000,Москва,Наёмный труд,0
57,52100,31,5,0,89000,Регион,Самозанятый,0
27,92400,1,7,0,47000,Санкт-Петербург,Без работы,0
62,120700,37,6,1,639000,Регион,Наёмный труд,0
39,44700,18,5,0,186000,Регион,Наёмный труд,0
52,57400,32,13,0,103000,Регион,Самозанятый,0
45,76200,20,14,0,220000,Регион,ИП,0
58,69200,36,1,3,151000,Регион,Самозанятый,0
40,69000,16,14,1,49000,Регион,Самозанятый,0
61,26900,38,6,1,68000,Москва,ИП,0
62,33500,36,7,1,183000,Санкт-Петербург,ИП,0
60,39200,38,0,0,55000,Регион,Без работы,0
28,84700,4,14,3,125000,Регион,Самозанятый,0
43,28100,16,8,1,148000,Регион,Самозанятый,1
56,97300,30,3,2,84000,Москва,Наёмный труд,0
60,69600,39,7,0,108000,Регион,Наёмный труд,0
36,82400,10,14,2,163000,Регион,Наёмный труд,0
43,32300,23,9,0,158000,Регион,ИП,0
40,50600,20,6,0,129000,Москва,Наёмный труд,0
58,56100,34,13,1,98000,Москва,Наёмный труд,0
60,55000,38,12,0,140000,Москва,Наёмный труд,0
58,56000,35,9,0,29000,Регион,Самозанятый,0
32,43300,11,6,1,239000,Регион,Самозанятый,1
30,52100,6,1,0,91000,Москва,Без работы,1
38,78000,11,0,2,64000,Регион,Наёмный труд,1
30,29000,9,3,1,141000,Регион,Наёмный труд,1
32,98300,12,11,0,139000,Санкт-Петербург,Наёмный труд,0
64,76300,39,1,0,55000,Регион,Наёмный труд,0
20,31800,0,7,1,103000,Регион,ИП,0
59,58300,36,9,0,101000,Регион,Наёмный труд,0
63,73500,42,6,1,97000,Регион,Наёмный труд,0
38,28100,14,7,1,262000,Регион,Наёмный труд,0
31,50000,8,10,1,98000,Санкт-Петербург,Наёмный труд,0
27,47300,1,5,1,91000,Москва,Наёмный труд,0
27,36700,1,0,1,66000,Москва,Наёмный труд,0
64,51100,37,13,2,60000,Санкт-Петербург,Наёмный труд,0
31,37400,9,12,0,125000,Москва,Наёмный труд,0
52,91000,27,12,1,74000,Санкт-Петербург,Наёмный труд,0
64,37000,40,11,2,88000,Регион,Наёмный труд,0
45,70000,24,8,0,111000,Регион,Без работы,0
58,23300,35,5,0,103000,Москва,Наёмный труд,0
47,45600,23,11,1,107000,Санкт-Петербург,Наёмный труд,0
24,49300,1,12,1,107000,Регион,Без работы,1
27,44900,4,9,0,144000,Санкт-Петербург,Наёмный труд,0
44,41000,21,0,0,481000,Регион,Наёмный труд,1
46,36300,25,0,1,206000,Регион,Наёмный труд,0
42,68800,18,7,0,79000,Москва,Наёмный труд,0
49,76900,29,5,0,205000,Санкт-Петербург,Наёмный труд,0
64,47200,44,7,2,52000,Москва,Наёмный труд,0
42,29900,21,7,0,70000,Москва,Самозанятый,0
39,109900,13,14,0,151000,Регион,Наёмный труд,0
37,33000,16,10,1,148000,Санкт-Петербург,Без работы,0
37,25400,12,13,1,142000,Регион,Без работы,1
21,19800,0,7,2,69000,Регион,Без работы,1
23,51300,0,9,0,70000,Москва,Самозанятый,0
49,44500,25,14,1,107000,Москва,Наёмный труд,0
52,78000,30,6,0,85000,Регион,ИП,0
55,64500,33,6,0,168000,Регион,Наёмный труд,1
37,55900,10,9,2,84000,Санкт-Петербург,Самозанятый,0
56,43400,36,3,1,82000,Санкт-Петербург,Наёмный труд,0
38,80800,16,8,2,37000,Регион,Наёмный труд,0
47,113600,25,11,2,167000,Санкт-Петербург,Без работы,0
59,77200,39,1,1,120000,Москва,Наёмный труд,0
39,39800,14,10,1,25000,Санкт-Петербург,Наёмный труд,0
52,69700,26,8,0,129000,Санкт-Петербург,Наёмный труд,0
31,40900,11,9,0,78000,Москва,ИП,0
34,29800,8,2,0,157000,Регион,Наёмный труд,0
60,32700,33,13,1,93000,Регион,ИП,0
58,41700,36,12,0,61000,Регион,Самозанятый,0
21,51400,0,14,1,279000,Москва,Наёмный труд,0
48,123900,26,1,0,254000,Регион,Наёмный труд,0
60,33000,37,12,0,88000,Регион,ИП,0
29,88900,2,3,2,123000,Москва,Наёмный труд,0
21,42500,0,4,1,75000,Москва,Наёмный труд,0
30,19800,4,1,1,35000,Санкт-Петербург,Наёмный труд,0
32,39000,9,12,0,218000,Москва,Наёмный труд,0
29,83200,6,14,0,61000,Регион,Наёмный труд,0
33,57200,8,0,0,212000,Регион,Наёмный труд,0
37,58800,16,9,1,150000,Санкт-Петербург,Наёмный труд,0
28,89100,5,10,1,117000,Регион,Наёмный труд,0
58,30800,32,4,0,96000,Санкт-Петербург,Наёмный труд,0
47,30500,23,8,0,150000,Москва,Самозанятый,0
22,17700,0,14,0,56000,Москва,Самозанятый,0
39,72700,13,11,1,220000,Регион,Наёмный труд,1
25,63100,0,11,1,108000,Москва,Наёмный труд,0
46,67900,25,14,0,242000,Санкт-Петербург,Без работы,1
21,28800,0,4,1,92000,Москва,Наёмный труд,0
48,23800,25,11,0,108000,Москва,Без работы,1
57,27100,30,10,1,116000,Регион,Наёмный труд,0
22,32400,0,9,0,139000,Регион,Самозанятый,0
35,98600,9,8,1,293000,Регион,Наёмный труд,0
49,76900,29,13,1,76000,Регион,Наёмный труд,0
59,39900,37,12,1,91000,Регион,Без работы,1
21,56100,0,11,1,98000,Москва,Без работы,0
36,36100,15,9,0,25000,Москва,Наёмный труд,0
60,57800,39,5,1,71000,Регион,Без работы,1
31,29400,6,2,1,74000,Санкт-Петербург,Наёмный труд,0
54,68700,29,3,2,481000,Регион,ИП,0
62,33400,41,3,2,115000,Москва,Наёмный труд,0
20,70500,0,0,0,133000,Москва,Наёмный труд,0
64,40400,40,2,1,41000,Регион,Самозанятый,0
34,34400,14,2,1,95000,Регион,Наёмный труд,0
45,101300,24,12,0,173000,Санкт-Петербург,Наёмный труд,0
56,53100,33,13,2,447000,Москва,Наёмный труд,0
40,42400,15,0,3,65000,Регион,Наёмный труд,0
50,69000,29,12,0,33000,Санкт-Петербург,ИП,0
44,26800,20,8,2,62000,Москва,Наёмный труд,0
42,80700,21,10,0,62000,Санкт-Петербург,Самозанятый,0
43,46000,19,0,0,62000,Регион,Наёмный труд,0
57,64200,36,8,1,170000,Регион,Наёмный труд,0
47,24400,21,0,3,121000,Регион,Наёмный труд,1
40,41300,17,1,1,50000,Санкт-Петербург,Наёмный труд,0
62,49100,35,1,2,231000,Санкт-Петербург,Наёмный труд,0
37,77900,17,13,1,307000,Москва,Наёмный труд,0
55,66600,29,5,0,35000,Регион,Наёмный труд,0
54,41100,31,6,2,200000,Регион,Самозанятый,0
64,56600,40,10,2,89000,Москва,Наёмный труд,0
28,86300,3,0,2,56000,Регион,Самозанятый,0
57,44800,32,2,0,41000,Регион,Наёмный труд,0
49,42700,27,1,3,75000,Регион,Наёмный труд,1
63,20900,40,7,0,72000,Регион,Наёмный труд,0
53,43200,32,8,1,108000,Москва,Наёмный труд,0
51,22400,31,12,3,358000,Регион,Наёмный труд,1
22,46600,1,1,2,73000,Регион,Без работы,1
22,76500,1,1,0,42000,Москва,Наёмный труд,0
47,18900,24,9,0,81000,Регион,Наёмный труд,0
63,85400,36,14,0,184000,Регион,Наёмный труд,0
34,42300,14,8,4,85000,Москва,Наёмный труд,0
60,48400,38,13,0,146000,Регион,Наёмный труд,0
42,39100,16,3,1,109000,Регион,Самозанятый,1
59,22700,38,4,5,102000,Москва,Наёмный труд,0
30,34500,10,12,2,256000,Санкт-Петербург,Самозанятый,1
51,126000,29,10,0,55000,Регион,Наёмный труд,0
55,29900,29,8,1,53000,Москва,Наёмный труд,0
52,24000,31,5,1,57000,Регион,Наёмный труд,0
43,52200,23,9,2,121000,Москва,Наёмный труд,0
58,47200,32,11,0,102000,Москва,Наёмный труд,0
53,42400,30,8,0,151000,Москва,Наёмный труд,1
47,49300,20,8,0,94000,Регион,Наёмный труд,0
56,65500,31,6,0,88000,Регион,Самозанятый,0
26,37600,1,13,2,120000,Регион,Наёмный труд,0
23,53500,2,11,0,273000,Санкт-Петербург,ИП,0
56,77700,35,9,1,49000,Регион,Наёмный труд,0
20,31300,0,8,0,57000,Москва,Самозанятый,1
20,17200,0,4,1,101000,Санкт-Петербург,Наёмный труд,1
39,66300,14,4,0,334000,Москва,Наёмный труд,0
38,151200,17,11,0,52000,Москва,Без работы,1
48,48900,26,7,1,98000,Санкт-Петербург,Наёмный труд,0
29,53700,8,9,0,58000,Москва,Наёмный труд,0
37,42900,12,3,0,125000,Санкт-Петербург,Наёмный труд,0
47,100200,23,8,1,29000,Регион,Наёмный труд,0
54,47300,27,6,0,53000,Москва,Без работы,0
62,45100,37,6,0,213000,Регион,Самозанятый,0
50,73900,28,12,0,99000,Регион,Самозанятый,0
46,39400,26,14,1,63000,Санкт-Петербург,Без работы,0
30,27500,8,2,0,96000,Регион,Наёмный труд,0
57,72900,33,3,1,95000,Регион,Наёмный труд,0
24,37600,0,6,0,138000,Москва,ИП,0
27,31600,6,10,0,28000,Регион,Наёмный труд,0
53,126100,32,10,5,53000,Регион,Наёмный труд,0
31,45200,6,13,1,56000,Регион,Наёмный труд,0
57,61200,34,4,0,144000,Регион,Без работы,0
20,49700,0,11,2,98000,Москва,Наёмный труд,0
50,32900,28,2,1,234000,Москва,Самозанятый,0
23,66900,0,0,0,162000,Москва,Наёмный труд,0
64,56500,41,6,0,80000,Регион,Наёмный труд,0
24,36400,0,5,1,96000,Регион,Самозанятый,0
49,59600,22,9,3,215000,Регион,Без работы,0
43,38900,16,14,1,233000,Москва,Наёмный труд,0
22,29800,0,6,0,93000,Москва,Наёмный труд,0
30,28500,9,14,1,55000,Регион,Наёмный труд,0
64,55400,43,13,0,28000,Регион,Самозанятый,0
23,41300,0,1,0,28000,Москва,Наёмный труд,0
45,96400,20,12,1,131000,Москва,Наёмный труд,0
46,48100,19,11,1,129000,Санкт-Петербург,ИП,0
62,34400,41,3,2,66000,Москва,Наёмный труд,1
46,52600,26,1,0,216000,Регион,Наёмный труд,0
61,27400,36,7,0,87000,Регион,Самозанятый,1
25,47200,1,6,0,69000,Регион,Без работы,0
34,56600,8,0,1,199000,Регион,Без работы,0
49,53500,24,1,0,184000,Санкт-Петербург,Наёмный труд,0
61,88100,36,1,2,96000,Москва,Без работы,0
56,157800,35,3,2,135000,Регион,ИП,0
56,66300,32,2,0,145000,Регион,Наёмный труд,1
61,83300,36,0,2,364000,Санкт-Петербург,Наёмный труд,0
56,154000,35,11,0,91000,Санкт-Петербург,Наёмный труд,0
54,31200,27,13,2,49000,Москва,ИП,0
42,52000,20,1,0,144000,Москва,ИП,0
25,39500,1,10,2,102000,Регион,Самозанятый,0
23,71600,0,8,0,106000,Регион,Наёмный труд,0
37,55400,17,12,1,97000,Регион,Наёмный труд,0
28,33900,5,0,1,38000,Регион,Наёмный труд,1
48,49300,22,8,0,115000,Регион,Без работы,1
32,78500,5,6,0,80000,Санкт-Петербург,ИП,0
36,27300,12,1,0,82000,Москва,Наёмный труд,0
64,34200,39,1,0,78000,Регион,Наёмный труд,0
51,32000,30,4,0,96000,Регион,ИП,0
41,56800,15,12,1,115000,Москва,Наёмный труд,0
23,85700,0,4,1,97000,Регион,ИП,0
24,19800,4,3,1,197000,Регион,Наёмный труд,1
56,51100,32,11,0,155000,Регион,ИП,1
60,32300,34,9,1,94000,Регион,Наёмный труд,0
32,77100,11,9,2,53000,Регион,Наёмный труд,0
53,44100,30,12,0,140000,Регион,Без работы,0
64,52000,42,11,4,82000,Москва,Наёмный труд,0
41,49000,18,2,0,89000,Регион,Наёмный труд,0
42,81300,21,3,1,45000,Регион,Без работы,0
22,123200,0,9,1,127000,Регион,Наёмный труд,0
61,29400,40,3,0,468000,Регион,ИП,0
53,31900,26,1,0,73000,Регион,Наёмный труд,0
51,56700,31,4,0,143000,Москва,Наёмный труд,0
64,33900,40,14,1,208000,Москва,Наёмный труд,1
40,74600,13,4,0,72000,Регион,Наёмный труд,0
63,80200,39,4,1,23000,Регион,Самозанятый,0
40,38300,17,10,0,150000,Регион,Самозанятый,0
63,34800,37,14,1,104000,Регион,Наёмный труд,0
30,43300,8,10,3,119000,Регион,Наёмный труд,0
58,51400,36,9,1,102000,Регион,Самозанятый,0
23,56500,3,0,2,198000,Москва,Наёмный труд,1
20,17800,0,5,0,93000,Регион,Наёмный труд,0
47,31700,27,10,1,363000,Москва,Наёмный труд,1
43,40900,19,1,0,150000,Москва,Наёмный труд,0
54,34200,29,6,0,181000,Санкт-Петербург,Наёмный труд,0
32,13500,7,3,1,99000,Санкт-Петербург,Наёмный труд,0
53,21000,28,14,0,119000,Санкт-Петербург,Наёмный труд,1
30,27200,9,4,0,36000,Москва,Самозанятый,0
55,46500,35,4,0,70000,Санкт-Петербург,Наёмный труд,0
36,40300,9,4,1,188000,Москва,Наёмный труд,0
54,36900,28,1,0,95000,Регион,Наёмный труд,0
37,70200,14,4,0,50000,Регион,ИП,1
59,70100,35,2,0,65000,Регион,Наёмный труд,0
41,52400,16,3,1,65000,Регион,Наёмный труд,0
43,51700,17,12,1,96000,Регион,Самозанятый,0
38,33300,16,1,0,60000,Регион,Наёмный труд,0
56,35200,29,3,0,232000,Санкт-Петербург,Наёмный труд,0
58,22700,38,12,0,112000,Москва,Без работы,0
40,43800,16,8,1,43000,Регион,Наёмный труд,0
27,69800,3,7,1,248000,Регион,Наёмный труд,0
47,90200,25,12,0,96000,Регион,Наёмный труд,0
24,43900,0,13,0,134000,Регион,Самозанятый,0
36,61200,14,14,1,119000,Москва,Наёмный труд,0
56,13600,34,10,0,127000,Регион,ИП,0
55,40300,30,11,0,80000,Регион,Самозанятый,0
38,39900,11,2,0,120000,Регион,Наёмный труд,0
46,95900,21,0,2,90000,Регион,Самозанятый,0
53,58500,33,0,1,123000,Санкт-Петербург,Наёмный труд,1
30,61200,8,5,0,88000,Москва,Наёмный труд,0
64,59800,41,2,1,83000,Москва,ИП,0
31,50000,7,3,0,41000,Москва,Наёмный труд,0
40,97700,13,0,2,98000,Москва,Наёмный труд,0
30,17400,8,7,1,113000,Регион,ИП,0
58,52400,31,0,0,299000,Регион,ИП,0
47,81500,23,4,0,132000,Регион,Наёмный труд,0
24,20900,3,5,2,64000,Регион,Самозанятый,0
36,71500,10,14,0,54000,Москва,Наёмный труд,0
39,34800,18,1,1,116000,Санкт-Петербург,Самозанятый,0
60,51500,38,6,1,63000,Регион,ИП,0
31,34500,7,6,2,70000,Москва,Наёмный труд,0
25,75500,0,0,1,63000,Регион,Наёмный труд,0
36,43100,15,3,0,81000,Регион,ИП,0
38,71700,16,11,1,154000,Санкт-Петербург,Самозанятый,0
45,59600,21,12,1,30000,Регион,Наёмный труд,0
63,34300,41,3,1,215000,Москва,Наёмный труд,0
63,61400,38,4,2,87000,Регион,Наёмный труд,0
51,36400,27,0,0,67000,Москва,Наёмный труд,1
25,50500,4,0,1,168000,Москва,ИП,0
55,42700,33,6,1,87000,Регион,Наёмный труд,0
57,73500,30,8,1,53000,Регион,ИП,0
30,62500,9,0,0,40000,Регион,Без работы,0
52,48300,30,1,0,150000,Регион,Без работы,0
43,36000,16,5,1,156000,Регион,Наёмный труд,0
42,27700,15,14,0,77000,Регион,ИП,0
34,52100,14,14,2,218000,Регион,Без работы,1
46,36900,19,5,2,101000,Регион,Наёмный труд,1
30,21100,9,1,0,219000,Регион,Наёмный труд,0
36,26900,15,8,2,56000,Регион,Без работы,1
33,101900,10,3,0,52000,Регион,Наёмный труд,0
46,36400,20,12,0,73000,Москва,Без работы,1
37,79800,12,6,1,78000,Москва,Наёмный труд,0
47,41800,26,5,0,197000,Регион,Наёмный труд,0
23,85600,0,10,2,118000,Регион,Наёмный труд,0
26,82900,0,12,0,63000,Регион,Наёмный труд,0
64,33800,37,10,0,99000,Регион,Наёмный труд,0
54,20000,32,2,0,76000,Москва,Наёмный труд,1
28,20800,8,7,2,61000,Санкт-Петербург,Наёмный труд,0
27,34100,3,6,0,94000,Регион,Наёмный труд,0
64,114700,38,8,1,88000,Регион,Наёмный труд,0
36,40800,12,2,1,62000,Регион,Самозанятый,0
36,52300,12,0,1,62000,Москва,Наёмный труд,0
52,88100,28,1,4,161000,Регион,Самозанятый,0
51,51500,25,11,0,127000,Санкт-Петербург,Самозанятый,0
27,50700,7,10,3,174000,Регион,Наёмный труд,0
38,64900,11,14,1,83000,Регион,Наёмный труд,0
57,55800,34,11,1,51000,Регион,Без работы,0
22,46900,0,0,0,70000,Регион,ИП,1
24,35400,0,10,0,183000,Регион,Наёмный труд,0
32,50800,11,4,1,38000,Москва,ИП,0
50,80200,24,14,0,235000,Регион,Наёмный труд,0
35,109300,11,9,0,51000,Москва,Наёмный труд,0
51,55900,24,13,0,158000,Регион,Наёмный труд,0
41,68900,20,1,1,54000,Регион,Наёмный труд,0
48,55300,22,2,0,69000,Регион,Без работы,0
41,47100,20,7,2,29000,Санкт-Петербург,Самозанятый,0
62,61800,38,14,2,300000,Санкт-Петербург,Наёмный труд,0
22,83700,0,9,3,139000,Москва,Наёмный труд,1
29,32900,3,13,1,144000,Санкт-Петербург,Наёмный труд,0
61,25500,40,4,0,73000,Москва,Наёмный труд,1
40,38600,18,3,2,56000,Регион,Наёмный труд,0
35,53900,14,4,1,157000,Регион,Наёмный труд,1
31,72500,6,9,0,48000,Регион,Наёмный труд,0
21,31400,0,5,2,89000,Москва,Наёмный труд,0
60,16000,40,11,1,47000,Санкт-Петербург,Без работы,0
43,39000,22,6,1,106000,Санкт-Петербург,Без работы,0
54,44900,31,13,1,31000,Москва,Наёмный труд,0
49,29100,27,12,0,41000,Санкт-Петербург,Наёмный труд,0
49,34900,27,8,1,59000,Санкт-Петербург,Наёмный труд,0
54,72400,34,0,3,143000,Регион,Наёмный труд,0
38,50800,11,3,0,72000,Регион,Без работы,0
27,57300,2,11,0,178000,Регион,ИП,0
45,41800,25,11,2,243000,Регион,Наёмный труд,0
59,34900,34,8,1,82000,Москва,Наёмный труд,0
26,41600,5,4,5,41000,Регион,Без работы,1
49,61400,25,7,3,176000,Москва,Наёмный труд,0
26,25100,3,11,0,39000,Москва,Наёмный труд,0
22,103000,0,0,1,57000,Москва,Без работы,1
20,63500,0,3,0,36000,Санкт-Петербург,Наёмный труд,0
55,38500,32,11,0,176000,Регион,Наёмный труд,0
44,70700,19,13,1,139000,Регион,Наёмный труд,1
56,85000,32,11,0,261000,Регион,Самозанятый,0
20,42200,0,8,0,76000,Санкт-Петербург,Самозанятый,0
34,44500,12,12,2,60000,Регион,Наёмный труд,0
56,96000,31,0,2,72000,Регион,Наёмный труд,0
32,127200,8,0,0,44000,Регион,Наёмный труд,0
59,49700,37,3,1,233000,Регион,Наёмный труд,0
27,29100,3,13,1,749000,Регион,Наёмный труд,1
24,39700,2,2,0,64000,Регион,Наёмный труд,0
28,78000,7,6,1,141000,Регион,Наёмный труд,0
20,30800,0,10,1,90000,Москва,Без работы,0
55,44600,31,2,0,129000,Москва,Наёмный труд,0
54,55900,31,0,0,186000,Регион,Наёмный труд,0
21,32400,0,11,0,50000,Регион,Наёмный труд,0
59,80300,38,14,1,74000,Регион,ИП,0
42,67000,16,10,1,203000,Регион,Наёмный труд,0
28,121100,5,9,0,134000,Москва,Наёмный труд,0
53,69700,28,1,1,120000,Регион,Самозанятый,0
33,31800,11,9,0,134000,Санкт-Петербург,Без работы,1
23,62200,0,12,1,142000,Регион,ИП,0
49,76500,26,3,1,198000,Санкт-Петербург,Наёмный труд,0
50,78300,29,0,2,155000,Регион,Наёмный труд,0
57,34600,31,0,0,96000,Москва,ИП,0
30,32700,4,11,2,122000,Регион,Наёмный труд,0
54,29400,30,13,0,95000,Регион,Наёмный труд,1
27,100900,7,7,0,63000,Санкт-Петербург,Без работы,0
22,64900,0,6,1,96000,Регион,Самозанятый,0
33,33900,13,13,0,92000,Регион,Самозанятый,0
32,51900,7,7,0,36000,Москва,Самозанятый,0
64,46400,41,12,2,157000,Регион,Наёмный труд,0
51,31600,28,3,0,174000,Санкт-Петербург,ИП,0
53,49800,29,5,1,137000,Москва,Наёмный труд,0
64,53400,42,14,0,168000,Регион,Без работы,1
38,116900,17,12,3,89000,Регион,Наёмный труд,0
57,36500,36,2,1,73000,Санкт-Петербург,Наёмный труд,0
35,22700,14,10,0,174000,Москва,Наёмный труд,0
21,30600,0,12,1,52000,Регион,Наёмный труд,1
59,32800,34,7,1,51000,Регион,Наёмный труд,0
36,40500,10,3,1,129000,Санкт-Петербург,Наёмный труд,0
53,30600,31,2,3,127000,Регион,Наёмный труд,0
61,71000,41,3,0,172000,Москва,Наёмный труд,1
35,29700,14,5,0,35000,Санкт-Петербург,Наёмный труд,0
57,49500,30,10,1,93000,Регион,Наёмный труд,0
21,120600,1,6,1,50000,Регион,Наёмный труд,0
21,62900,0,6,2,165000,Москва,Самозанятый,0
45,60000,20,13,1,220000,Регион,Наёмный труд,0
32,113100,10,14,0,134000,Санкт-Петербург,Наёмный труд,0
50,85900,26,11,1,71000,Регион,Наёмный труд,0
53,63200,27,3,3,63000,Санкт-Петербург,Самозанятый,0
58,42600,37,7,1,77000,Регион,ИП,0
22,48500,0,6,0,60000,Москва,Наёмный труд,0
27,47500,3,1,0,90000,Регион,Самозанятый,0
42,40900,21,12,0,63000,Регион,Самозанятый,0
33,53900,11,7,0,43000,Москва,ИП,0
46,57400,24,8,1,124000,Москва,Наёмный труд,0
48,28000,21,4,0,130000,Регион,ИП,1
58,102200,35,14,1,274000,Москва,Наёмный труд,0
58,58900,35,3,0,76000,Регион,ИП,0
20,43600,0,3,1,32000,Регион,Самозанятый,1
36,54200,14,12,0,161000,Регион,Самозанятый,0
60,74500,40,3,0,172000,Регион,Наёмный труд,0
49,25300,22,5,1,196000,Регион,Самозанятый,1
32,46800,6,10,1,239000,Регион,Наёмный труд,0
40,28700,20,3,0,241000,Регион,Наёмный труд,0
38,162000,12,6,1,55000,Регион,Наёмный труд,0
38,52200,14,6,3,250000,Москва,ИП,1
44,28900,21,4,1,81000,Регион,Наёмный труд,0
41,247600,18,12,1,159000,Регион,Наёмный труд,0
50,38500,23,4,0,115000,Санкт-Петербург,Наёмный труд,0
36,44600,14,14,1,55000,Санкт-Петербург,Наёмный труд,0
42,46100,20,9,2,198000,Регион,Самозанятый,0
51,33500,27,7,1,75000,Регион,ИП,0
29,54800,4,6,1,301000,Санкт-Петербург,Наёмный труд,1
29,18100,4,13,1,62000,Регион,Без работы,1
55,79900,28,6,3,54000,Санкт-Петербург,ИП,0
27,29500,2,5,0,66000,Москва,Самозанятый,1
39,40700,16,6,0,242000,Регион,ИП,1
51,68700,31,6,3,39000,Регион,Без работы,0
33,44700,8,9,1,171000,Регион,Самозанятый,0
47,45500,26,13,0,296000,Регион,Наёмный труд,1
43,31100,16,1,0,89000,Регион,Наёмный труд,0
34,125900,10,13,1,78000,Санкт-Петербург,ИП,0
41,62300,16,9,2,104000,Регион,Наёмный труд,0
49,30100,28,1,0,50000,Москва,Наёмный труд,0
23,53100,0,13,0,484000,Санкт-Петербург,Наёмный труд,0
32,29200,12,9,0,148000,Регион,Наёмный труд,0
42,106400,22,6,1,47000,Москва,Наёмный труд,0
27,53600,2,13,2,61000,Регион,Самозанятый,0
37,31600,10,9,2,110000,Санкт-Петербург,ИП,0
31,67100,4,6,0,45000,Москва,Наёмный труд,0
50,43300,29,6,0,40000,Москва,Наёмный труд,0
33,27500,9,4,0,118000,Регион,Наёмный труд,0
53,58200,32,0,0,181000,Санкт-Петербург,Наёмный труд,0
37,57500,13,13,3,171000,Регион,Наёмный труд,0
53,81800,28,1,0,95000,Регион,Самозанятый,0
30,50500,6,12,1,84000,Санкт-Петербург,Без работы,0
60,51400,38,8,0,102000,Регион,Наёмный труд,0
31,52700,8,7,1,179000,Регион,Наёмный труд,0
34,100500,8,7,1,46000,Регион,ИП,0
50,42600,27,9,2,62000,Санкт-Петербург,Без работы,0
48,60600,28,0,3,79000,Москва,Без работы,1
45,64700,23,5,1,85000,Санкт-Петербург,Наёмный труд,0
37,57400,14,14,2,96000,Регион,Наёмный труд,0
51,41900,26,14,1,97000,Регион,Наёмный труд,0
41,51800,17,8,0,148000,Регион,Наёмный труд,0
57,47000,33,14,1,34000,Регион,ИП,0
36,118400,15,7,0,38000,Санкт-Петербург,Наёмный труд,0
42,39900,21,2,2,66000,Регион,Самозанятый,0
43,32500,16,3,0,166000,Регион,Наёмный труд,1
27,48900,3,14,0,67000,Регион,Без работы,1
60,47400,33,2,3,96000,Санкт-Петербург,Наёмный труд,0
25,53600,0,5,2,107000,Регион,Наёмный труд,0
24,39900,0,13,1,119000,Регион,Наёмный труд,0
63,51500,42,8,1,252000,Санкт-Петербург,Наёмный труд,0
48,52000,25,14,3,150000,Регион,Самозанятый,0
47,73700,20,7,0,180000,Регион,Наёмный труд,0
30,51100,3,14,1,91000,Регион,ИП,0
20,51300,0,14,0,239000,Москва,Наёмный труд,0
62,61800,41,12,1,103000,Санкт-Петербург,Наёмный труд,0
38,72400,13,9,1,31000,Санкт-Петербург,Самозанятый,0
28,31500,1,3,0,432000,Регион,Без работы,1
46,27900,23,14,3,101000,Регион,Наёмный труд,0
53,105100,30,1,2,136000,Регион,Без работы,0
63,67300,40,12,1,52000,Регион,Наёмный труд,1
23,44400,1,7,1,369000,Москва,Наёмный труд,0
55,49500,33,7,1,61000,Регион,Самозанятый,0
37,41100,11,13,1,78000,Санкт-Петербург,Наёмный труд,0
34,53900,11,11,3,39000,Регион,Наёмный труд,0
32,31700,5,10,2,123000,Регион,ИП,1
38,71500,13,5,0,83000,Регион,Наёмный труд,0
25,53000,1,13,3,39000,Регион,Наёмный труд,0
31,53900,6,7,1,95000,Москва,Наёмный труд,0
56,32800,34,8,1,104000,Регион,Самозанятый,0
36,62100,15,12,0,85000,Регион,ИП,0
42,33100,15,0,0,33000,Регион,Наёмный труд,1
45,35900,19,8,0,118000,Регион,Самозанятый,0
48,51000,26,1,1,46000,Москва,Наёмный труд,0
52,151500,28,13,1,168000,Санкт-Петербург,ИП,0
46,53000,26,12,1,71000,Москва,Без работы,0
44,15400,18,0,1,172000,Москва,Самозанятый,0
29,36700,7,7,1,100000,Регион,Наёмный труд,1
42,66700,17,7,1,103000,Москва,ИП,0
40,29500,14,10,0,212000,Регион,Наёмный труд,0
40,71300,13,3,1,61000,Москва,Наёмный труд,0
62,52700,37,7,1,51000,Регион,Наёмный труд,0
32,76600,9,6,1,138000,Регион,Наёмный труд,0
56,38100,33,12,0,45000,Санкт-Петербург,Наёмный труд,0
52,36800,29,1,0,61000,Регион,Наёмный труд,0
43,63200,17,4,2,38000,Регион,Наёмный труд,0
63,48900,43,13,4,197000,Москва,Самозанятый,1
30,47500,6,9,1,54000,Регион,Наёмный труд,0
36,99300,9,3,0,67000,Санкт-Петербург,Наёмный труд,0
23,64300,0,2,0,46000,Москва,Наёмный труд,0
44,20000,23,0,5,78000,Регион,ИП,1
49,70200,22,4,0,91000,Москва,Наёмный труд,1
28,67100,3,9,0,162000,Регион,Наёмный труд,0
40,83600,15,7,0,45000,Москва,Наёмный труд,0
39,32100,13,11,0,69000,Москва,Самозанятый,0
38,56700,12,8,1,232000,Регион,Наёмный труд,1
38,51500,14,6,3,184000,Регион,Наёмный труд,0
31,31900,11,11,1,66000,Регион,ИП,1
56,75100,30,10,0,96000,Санкт-Петербург,Наёмный труд,0
61,44000,38,0,1,322000,Регион,Наёмный труд,0
36,82300,12,0,1,48000,Регион,Наёмный труд,0
56,35100,35,14,2,31000,Регион,Без работы,1
58,25400,35,0,1,72000,Регион,Наёмный труд,0
47,44000,26,1,0,94000,Регион,Наёмный труд,0
60,54400,38,0,0,61000,Москва,Наёмный труд,0
54,38500,33,3,1,177000,Санкт-Петербург,Самозанятый,0
37,12300,14,9,1,112000,Москва,Наёмный труд,1
33,58300,11,8,0,69000,Регион,Наёмный труд,0
54,58100,31,11,1,71000,Москва,Самозанятый,0
63,66800,38,3,0,63000,Регион,Без работы,0
60,41300,37,12,0,162000,Санкт-Петербург,ИП,0
26,40300,4,3,1,74000,Регион,Наёмный труд,0
60,93700,39,6,0,48000,Москва,Наёмный труд,0
32,24100,7,13,0,176000,Регион,Наёмный труд,0
37,43900,17,10,0,84000,Москва,Наёмный труд,0
56,52300,36,8,0,44000,Регион,ИП,0
32,64400,5,6,2,276000,Регион,Самозанятый,1
55,52900,35,0,0,142000,Регион,Наёмный труд,1
50,32400,30,0,2,101000,Москва,ИП,0
21,82900,0,3,2,87000,Москва,Без работы,0
35,49100,15,3,0,83000,Регион,Без работы,0
28,23100,6,0,1,82000,Москва,ИП,1
28,53900,2,5,3,84000,Москва,Наёмный труд,1
57,60700,37,9,0,69000,Регион,Наёмный труд,0
30,118500,7,1,0,93000,Санкт-Петербург,Наёмный труд,0
41,58900,15,10,2,68000,Москва,Наёмный труд,0
52,25200,32,4,0,113000,Регион,Наёмный труд,0
55,25600,29,7,2,97000,Санкт-Петербург,Наёмный труд,0
64,86400,43,14,2,65000,Москва,Наёмный труд,0
42,34200,20,2,1,94000,Регион,Наёмный труд,0
64,24400,42,8,1,137000,Санкт-Петербург,Наёмный труд,0
64,76900,37,6,3,25000,Регион,Наёмный труд,0
53,39600,27,8,1,140000,Москва,Наёмный труд,0
28,75100,1,0,0,47000,Регион,Наёмный труд,0
43,32500,18,4,0,75000,Регион,Наёмный труд,0
27,95200,3,11,2,18000,Регион,Без работы,0
26,72600,3,12,0,139000,Москва,Наёмный труд,0
55,35400,29,2,3,63000,Москва,Наёмный труд,1
37,23200,15,3,0,73000,Регион,Наёмный труд,1
22,138300,0,3,1,104000,Санкт-Петербург,Наёмный труд,0
47,44600,26,10,0,30000,Регион,ИП,0
25,34800,5,11,0,102000,Регион,Наёмный труд,0
63,91500,41,6,0,146000,Регион,Без работы,1
63,75000,42,9,0,110000,Санкт-Петербург,Самозанятый,0
40,83500,20,10,1,78000,Санкт-Петербург,Наёмный труд,0
47,46900,23,7,0,101000,Регион,Наёмный труд,0
59,114300,37,10,2,94000,Регион,Наёмный труд,0
20,27200,0,9,3,156000,Регион,Наёмный труд,0
55,38200,33,4,2,210000,Регион,Самозанятый,0
40,58400,14,12,2,77000,Регион,Наёмный труд,1
62,82900,36,12,0,113000,Регион,Наёмный труд,0
54,66000,33,11,0,66000,Санкт-Петербург,Наёмный труд,0
32,47200,5,9,1,127000,Регион,Наёмный труд,0
29,39600,4,6,3,130000,Регион,Самозанятый,1
63,83100,37,2,2,89000,Москва,Наёмный труд,0
29,69100,6,2,2,135000,Регион,Наёмный труд,0
32,33100,8,2,1,99000,Москва,Наёмный труд,1
56,32600,33,11,0,96000,Регион,Наёмный труд,0
57,38400,35,3,1,58000,Санкт-Петербург,Наёмный труд,0
43,36200,20,5,1,109000,Санкт-Петербург,Наёмный труд,0
21,77900,1,14,1,70000,Регион,Наёмный труд,0
41,59600,17,4,0,166000,Регион,Наёмный труд,0
36,63000,13,7,0,60000,Регион,Наёмный труд,0
55,53400,35,13,1,116000,Москва,Наёмный труд,0
33,54600,12,13,0,84000,Регион,Наёмный труд,0
29,24100,6,11,1,116000,Москва,Наёмный труд,0
54,70100,30,12,0,95000,Москва,Без работы,0
44,38000,24,4,1,60000,Москва,Наёмный труд,0
22,48300,0,10,0,190000,Москва,ИП,0
57,39600,36,11,0,58000,Регион,Самозанятый,0
36,52300,13,4,0,145000,Регион,Наёмный труд,0
31,63400,11,13,1,36000,Москва,ИП,0
43,31100,20,9,2,83000,Регион,Самозанятый,0
48,54900,24,1,1,247000,Москва,Наёмный труд,1
62,40100,40,11,0,84000,Регион,Без работы,0
44,88800,17,10,0,105000,Регион,Наёмный труд,0
55,29700,28,10,0,258000,Москва,Наёмный труд,0
45,31200,25,4,1,91000,Регион,Самозанятый,0
57,41700,37,14,2,115000,Санкт-Петербург,Наёмный труд,0
20,32300,0,11,2,142000,Регион,ИП,1
39,44300,19,6,0,43000,Санкт-Петербург,Самозанятый,0
47,38700,24,1,1,74000,Регион,Без работы,1
35,51000,11,13,1,107000,Регион,Наёмный труд,0
36,77200,9,12,1,38000,Москва,Без работы,0
59,50600,38,5,1,225000,Москва,Наёмный труд,0
47,52700,20,6,1,155000,Регион,Наёмный труд,0
31,30500,7,4,2,142000,Москва,Наёмный труд,1
46,46200,26,8,0,218000,Москва,Наёмный труд,1
61,40500,36,13,0,152000,Регион,Наёмный труд,0
49,66600,26,3,2,86000,Регион,Наёмный труд,0
60,34800,35,13,0,37000,Санкт-Петербург,Наёмный труд,0
53,33300,30,13,1,66000,Санкт-Петербург,Наёмный труд,0
56,56500,36,12,2,67000,Регион,Без работы,0
25,119500,2,9,1,143000,Москва,Наёмный труд,0
26,45300,6,14,1,104000,Регион,Наёмный труд,1
51,52900,27,0,2,39000,Регион,ИП,0
51,75100,25,13,1,166000,Регион,Наёмный труд,0
44,61700,22,7,0,219000,Москва,Самозанятый,0
52,61800,29,14,0,239000,Санкт-Петербург,Наёмный труд,1
26,47000,6,7,1,50000,Москва,Наёмный труд,0
31,47400,6,6,0,120000,Регион,Наёмный труд,1
35,34900,15,7,1,54000,Регион,Наёмный труд,0
35,61000,10,1,2,316000,Москва,ИП,0
62,60400,35,2,0,101000,Регион,Наёмный труд,0
55,67700,32,8,3,79000,Регион,Самозанятый,1
32,39400,11,0,0,71000,Москва,Наёмный труд,0
26,71200,1,7,1,121000,Москва,Наёмный труд,0
55,81600,35,7,0,135000,Москва,ИП,0
28,28400,5,6,1,37000,Регион,Наёмный труд,0
51,42900,31,12,1,228000,Регион,Самозанятый,0
30,83200,9,13,1,131000,Регион,Наёмный труд,0
27,36600,5,10,2,227000,Москва,Наёмный труд,1
52,62200,26,4,2,276000,Москва,ИП,0
42,49200,16,3,1,93000,Регион,Наёмный труд,0
44,56900,23,9,1,165000,Регион,Наёмный труд,0
27,49900,3,9,2,70000,Регион,Без работы,1
64,68600,41,12,1,75000,Регион,Наёмный труд,0
41,31000,20,14,0,254000,Регион,Наёмный труд,1
23,32500,1,9,0,63000,Москва,Наёмный труд,0
59,94800,39,13,0,111000,Регион,Наёмный труд,0
22,126100,0,9,0,57000,Регион,Наёмный труд,0
48,48900,21,5,1,67000,Москва,Наёмный труд,0
60,106100,35,11,1,73000,Регион,Наёмный труд,0
48,34600,27,10,2,235000,Санкт-Петербург,Наёмный труд,1
53,38600,26,0,2,134000,Регион,Самозанятый,0
53,94500,26,12,0,164000,Регион,Наёмный труд,0
47,70400,25,4,0,33000,Регион,Наёмный труд,0
32,101000,5,13,2,101000,Регион,Самозанятый,0
34,60500,13,3,0,78000,Санкт-Петербург,Без работы,0
42,31100,18,3,1,133000,Регион,Наёмный труд,1
63,54200,37,6,1,418000,Москва,Самозанятый,1
45,84200,19,8,0,24000,Регион,Наёмный труд,0
23,46200,0,7,0,125000,Санкт-Петербург,Наёмный труд,1
45,43100,25,10,0,371000,Регион,Самозанятый,0
59,60900,37,12,0,73000,Санкт-Петербург,Без работы,0
28,38100,7,13,2,108000,Москва,Наёмный труд,1
24,56000,1,11,0,148000,Москва,Наёмный труд,0
51,50400,30,7,0,27000,Регион,Наёмный труд,0
39,39300,16,4,0,116000,Санкт-Петербург,Наёмный труд,0
30,76200,4,5,0,61000,Москва,ИП,0
34,65600,7,1,1,337000,Москва,Наёмный труд,0
51,41800,27,12,0,87000,Санкт-Петербург,Наёмный труд,0
47,48700,26,10,0,64000,Москва,Наёмный труд,0
41,43400,17,13,0,164000,Регион,Самозанятый,0
60,36800,35,2,1,132000,Москва,Наёмный труд,0
36,22800,11,4,2,169000,Регион,ИП,1
45,39400,18,1,0,311000,Москва,Без работы,1
63,37000,37,2,2,69000,Регион,Наёмный труд,0
26,51600,4,3,0,277000,Регион,Самозанятый,0
61,59800,37,5,0,305000,Москва,ИП,0
45,34200,22,4,0,62000,Санкт-Петербург,Наёмный труд,0
44,58000,22,9,0,66000,Санкт-Петербург,Наёмный труд,0
29,31900,8,3,0,102000,Москва,Наёмный труд,1
64,46300,43,12,0,88000,Регион,Наёмный труд,0
38,37400,15,14,0,275000,Регион,Наёмный труд,0
30,68600,10,1,0,59000,Регион,Наёмный труд,0
32,51700,5,11,3,114000,Москва,ИП,0
27,46600,7,10,1,62000,Санкт-Петербург,Наёмный труд,0
59,37000,32,4,1,105000,Москва,Наёмный труд,0
23,42300,2,4,0,357000,Регион,Наёмный труд,0
50,111600,23,10,3,295000,Регион,ИП,0
47,39100,21,6,0,124000,Санкт-Петербург,Наёмный труд,0
30,60800,4,0,0,144000,Регион,Наёмный труд,0
62,46600,39,3,1,131000,Москва,Наёмный труд,0
20,60000,0,10,1,82000,Регион,Наёмный труд,0
57,71400,33,4,1,312000,Москва,Наёмный труд,0
43,41800,22,7,0,218000,Регион,Наёмный труд,0
50,67500,25,11,1,114000,Санкт-Петербург,ИП,0
60,169500,36,14,0,87000,Регион,ИП,0
45,63300,22,11,0,90000,Москва,Наёмный труд,0
24,101300,0,7,0,121000,Санкт-Петербург,Наёмный труд,0
39,60900,15,0,0,97000,Санкт-Петербург,Без работы,0
60,32200,40,4,0,196000,Регион,Наёмный труд,0
30,55500,3,9,0,132000,Регион,ИП,0
52,42200,26,0,0,56000,Москва,Без работы,0
57,37500,37,0,2,50000,Регион,ИП,0
46,47400,21,1,2,179000,Регион,Наёмный труд,0
53,45700,26,1,0,49000,Москва,Наёмный труд,0
34,30400,7,14,3,80000,Москва,Наёмный труд,0
51,165800,24,14,0,76000,Регион,Наёмный труд,0
40,70500,18,8,0,47000,Регион,Наёмный труд,1
24,54700,0,3,0,119000,Москва,ИП,0
25,51000,4,2,0,92000,Москва,Наёмный труд,0
57,84200,32,10,0,67000,Санкт-Петербург,Самозанятый,0
41,124700,18,0,0,345000,Регион,ИП,0
37,66700,16,11,0,23000,Санкт-Петербург,Наёмный труд,0
33,51800,9,1,0,59000,Регион,Наёмный труд,0
29,95100,3,5,0,70000,Москва,Наёмный труд,0
32,52300,9,8,0,44000,Санкт-Петербург,Наёмный труд,0
50,59600,27,4,1,383000,Москва,Наёмный труд,0
49,76900,29,3,2,380000,Регион,Наёмный труд,0
22,41200,0,12,0,65000,Москва,Самозанятый,0
49,19300,29,4,1,211000,Регион,Наёмный труд,0
25,40300,5,8,1,141000,Санкт-Петербург,Наёмный труд,0
48,69400,21,11,3,267000,Регион,Самозанятый,0
27,67200,1,12,3,93000,Санкт-Петербург,Наёмный труд,1
63,89700,41,6,1,128000,Регион,Наёмный труд,1
64,41000,44,7,0,229000,Регион,Наёмный труд,0
62,99800,41,14,1,209000,Санкт-Петербург,Наёмный труд,0
63,53300,40,3,1,108000,Москва,Наёмный труд,0
52,64300,26,10,0,56000,Регион,Без работы,0
36,73600,16,7,2,62000,Москва,Наёмный труд,0
30,26300,5,5,1,33000,Регион,Наёмный труд,0
32,31200,11,4,1,158000,Москва,Наёмный труд,0
30,30700,6,12,0,112000,Регион,ИП,0
50,79400,27,11,0,117000,Регион,Наёмный труд,0
47,42700,21,6,2,97000,Москва,Наёмный труд,0
63,122100,38,5,0,50000,Регион,Наёмный труд,0
25,49100,0,2,1,119000,Регион,Наёмный труд,0
60,25300,34,4,0,142000,Москва,Наёмный труд,0
35,36200,10,8,1,59000,Санкт-Петербург,Без работы,0
23,51700,0,6,0,97000,Регион,ИП,1
54,61800,29,11,2,67000,Москва,Наёмный труд,1
45,31500,24,3,0,87000,Регион,Наёмный труд,0
31,63300,4,6,0,50000,Регион,Наёмный труд,0
30,71400,4,4,4,84000,Москва,ИП,0
56,36700,32,10,1,262000,Регион,Наёмный труд,0
44,118900,18,12,0,73000,Санкт-Петербург,Без работы,0
37,38600,12,14,1,66000,Регион,ИП,0
38,31300,14,1,1,68000,Санкт-Петербург,Наёмный труд,1
42,24600,18,12,1,88000,Регион,Самозанятый,0
57,84900,37,5,0,289000,Регион,ИП,0
37,49500,17,6,4,229000,Регион,Наёмный труд,0
45,39500,18,7,1,91000,Москва,Наёмный труд,0
25,25300,5,5,0,67000,Санкт-Петербург,Наёмный труд,1
23,41100,0,7,0,34000,Санкт-Петербург,Наёмный труд,1
63,143200,40,6,1,57000,Москва,Наёмный труд,0
48,18700,27,1,2,30000,Санкт-Петербург,Наёмный труд,1
53,36900,28,13,0,154000,Регион,Наёмный труд,0
36,109800,10,5,0,220000,Регион,Наёмный труд,0
62,86000,42,8,1,79000,Санкт-Петербург,Без работы,0
62,37900,38,11,0,124000,Москва,ИП,0
35,53700,10,5,0,51000,Регион,ИП,0
21,60400,0,3,0,31000,Регион,Наёмный труд,0
53,52100,26,6,0,102000,Регион,ИП,0
27,109400,1,2,1,124000,Москва,Без работы,1
32,57100,8,4,1,274000,Регион,Наёмный труд,0
61,81700,37,0,2,340000,Регион,ИП,0
27,53200,0,14,0,84000,Москва,Наёмный труд,0
49,19600,27,9,0,171000,Регион,Самозанятый,0
51,28700,28,2,3,119000,Регион,Самозанятый,0
55,31500,34,7,1,99000,Санкт-Петербург,Без работы,1
49,43800,28,8,0,97000,Регион,Наёмный труд,0
20,124900,0,8,1,90000,Регион,Наёмный труд,0
62,57700,40,14,1,93000,Регион,Наёмный труд,0
58,46700,33,9,1,267000,Регион,Наёмный труд,1
36,85600,9,1,5,112000,Москва,Наёмный труд,0
39,25500,14,3,0,281000,Регион,Наёмный труд,0
43,39300,22,4,3,58000,Регион,ИП,0
41,36800,18,14,0,18000,Регион,Наёмный труд,0
48,58600,24,2,2,75000,Санкт-Петербург,Самозанятый,0
41,73400,15,12,0,60000,Москва,Наёмный труд,0
63,60600,43,10,1,40000,Регион,Наёмный труд,0
28,61000,5,0,0,215000,Регион,Наёмный труд,0
56,41700,35,5,0,44000,Регион,Наёмный труд,0
29,56600,7,13,1,140000,Москва,Наёмный труд,0
55,33600,35,14,0,331000,Санкт-Петербург,Самозанятый,0
56,66400,29,9,3,50000,Москва,Наёмный труд,0
47,39100,26,1,1,86000,Регион,Самозанятый,1
47,29600,22,8,2,222000,Регион,Самозанятый,0
61,49900,41,0,1,77000,Регион,Наёмный труд,0
62,20700,35,10,1,121000,Москва,Без работы,1
40,95200,19,8,1,145000,Москва,Самозанятый,0
43,70200,18,6,0,110000,Регион,Без работы,0
61,57000,35,10,3,75000,Регион,Самозанятый,0
59,23600,34,12,0,62000,Регион,Самозанятый,0
21,35800,0,9,1,51000,Санкт-Петербург,Наёмный труд,0
27,49900,0,1,0,141000,Регион,Наёмный труд,0
46,43500,19,13,1,67000,Москва,Без работы,0
41,22900,19,5,0,202000,Регион,ИП,0
56,27100,29,7,0,256000,Регион,Наёмный труд,0
46,43200,22,14,1,49000,Регион,Наёмный труд,0
48,27500,27,1,1,154000,Регион,ИП,1
22,90900,0,14,0,340000,Санкт-Петербург,Наёмный труд,0
63,61200,40,4,3,59000,Санкт-Петербург,Наёмный труд,0
32,34100,6,12,1,203000,Регион,Наёмный труд,0
64,83000,38,11,3,138000,Москва,ИП,0
29,75800,2,10,3,176000,Санкт-Петербург,Наёмный труд,0
55,55800,29,5,0,63000,Регион,Наёмный труд,1
28,48200,1,2,1,310000,Регион,ИП,0
46,42900,22,13,0,66000,Регион,ИП,0
53,38400,30,11,1,145000,Москва,Наёмный труд,0
20,26900,0,1,0,95000,Регион,Наёмный труд,0
51,97500,24,14,0,136000,Москва,Наёмный труд,0
44,38800,23,10,0,55000,Москва,ИП,0
48,49600,26,5,1,47000,Москва,Наёмный труд,0
26,32500,3,2,0,117000,Москва,Наёмный труд,0
22,43600,1,1,2,79000,Регион,Самозанятый,1
39,176800,12,14,2,78000,Регион,Без работы,0
39,35400,16,0,2,137000,Регион,Наёмный труд,0
49,94100,22,13,0,40000,Регион,Наёмный труд,0
54,48400,30,7,0,204000,Москва,Наёмный труд,0
54,66600,33,0,1,106000,Москва,Наёмный труд,0
58,85800,34,11,1,156000,Регион,Наёмный труд,0
46,55400,26,14,0,135000,Регион,Наёмный труд,0
45,41800,24,4,0,140000,Регион,Наёмный труд,0
33,45100,10,10,2,48000,Москва,Наёмный труд,0
36,45800,16,5,2,199000,Регион,Самозанятый,1
37,113400,13,10,0,116000,Санкт-Петербург,Наёмный труд,0
64,25100,40,11,4,74000,Санкт-Петербург,Наёмный труд,0
48,22100,25,11,2,92000,Москва,Без работы,1
39,22800,19,2,1,123000,Санкт-Петербург,Наёмный труд,0
46,32800,20,13,0,110000,Санкт-Петербург,Без работы,0
